timestamp,total_ms,conv_ms,ds1_ms,ds2_ms,ds3_ms,ds4_ms,ds5_ms,ds6_ms,ds7_ms,ds8_ms,ds9_ms,ds10_ms,ds11_ms,ds12_ms,ds13_ms,gap_ms,other_ms
2026-05-29 09:21:55,353.3,5.1,41.6,28.7,39.0,19.8,30.3,15.7,26.6,26.4,26.4,27.3,26.5,13.4,26.1,0.1,0.2
2026-05-29 09:21:56,350.4,5.0,41.0,27.5,38.9,19.5,30.4,15.1,26.5,26.9,26.5,26.4,26.4,13.8,26.2,0.1,0.2
2026-05-29 09:21:56,352.7,5.1,41.5,28.8,38.5,19.8,30.9,15.4,26.4,26.5,26.7,26.7,26.5,13.5,26.1,0.1,0.2
2026-05-29 09:21:57,351.8,6.0,41.5,27.5,38.9,19.2,30.4,15.2,26.6,26.6,26.6,26.4,26.8,13.5,26.1,0.1,0.2
2026-05-29 09:21:57,352.0,5.1,42.1,28.2,38.7,19.2,30.4,15.1,26.3,26.4,26.8,26.6,26.4,13.4,26.7,0.1,0.2
2026-05-29 09:21:58,351.1,5.0,41.8,27.5,39.3,19.2,30.1,15.4,26.6,26.5,26.4,26.9,26.4,13.5,26.2,0.1,0.2
2026-05-29 09:21:58,353.5,5.1,41.7,27.4,39.1,20.9,30.3,15.7,26.5,26.9,26.5,26.4,26.3,13.9,26.3,0.1,0.2
2026-05-29 09:21:59,352.3,5.0,41.7,27.5,39.6,19.3,31.1,15.6,26.4,26.4,26.7,26.7,26.4,13.4,26.1,0.1,0.2
2026-05-29 09:21:59,352.7,5.1,41.6,26.9,40.7,19.3,31.1,15.2,27.0,26.5,26.4,26.4,26.8,13.5,26.1,0.1,0.2
2026-05-29 09:22:00,352.1,5.0,41.9,27.3,39.0,19.1,31.4,15.2,26.5,26.4,27.0,26.5,26.4,13.4,26.6,0.1,0.2
2026-05-29 09:22:00,353.3,5.1,40.9,27.4,40.7,19.5,31.1,15.6,26.8,26.6,26.4,26.7,26.6,13.5,26.1,0.1,0.2
2026-05-29 09:22:00,353.0,5.8,41.4,27.5,38.4,20.2,30.6,15.2,26.4,27.0,26.6,26.4,26.3,13.7,27.2,0.1,0.2
2026-05-29 09:22:01,353.1,5.1,41.7,29.4,38.7,19.6,30.7,15.3,26.4,26.4,26.5,27.0,26.5,13.4,26.1,0.1,0.2
2026-05-29 09:22:02,354.0,5.1,41.9,27.5,40.6,19.0,30.8,15.2,27.4,26.6,26.4,26.4,27.2,13.5,26.1,0.1,0.2
2026-05-29 09:22:02,354.8,5.2,41.2,27.9,38.9,19.3,30.2,15.1,26.3,26.5,27.4,28.0,27.0,13.5,27.8,0.1,0.2
2026-05-29 09:22:02,353.8,5.1,41.6,27.6,38.7,19.1,30.1,16.4,26.5,27.1,26.5,27.7,26.5,13.8,26.6,0.1,0.2
2026-05-29 09:22:03,352.9,5.1,41.6,27.3,38.9,19.2,30.1,15.1,27.7,26.6,26.7,26.8,27.6,13.6,26.3,0.1,0.2
2026-05-29 09:22:03,353.9,5.0,41.1,28.0,38.7,19.1,32.0,15.5,26.5,27.1,27.0,26.5,26.4,13.5,27.2,0.1,0.2
2026-05-29 09:22:04,352.3,5.0,41.3,27.3,40.8,19.2,30.8,15.6,26.5,26.4,26.3,26.4,26.6,13.5,26.1,0.1,0.2
2026-05-29 09:22:04,351.5,5.6,41.5,27.5,38.8,19.8,30.3,15.1,26.5,26.9,26.5,26.4,26.3,13.7,26.4,0.1,0.2
2026-05-29 09:22:05,350.6,5.0,41.7,27.0,39.3,19.2,30.7,15.4,26.4,26.4,26.5,26.6,26.4,13.4,26.1,0.1,0.2
2026-05-29 09:22:05,352.4,5.1,41.6,26.8,40.3,19.3,30.8,15.5,26.8,26.7,26.4,26.5,26.6,13.5,26.1,0.1,0.2
2026-05-29 09:22:06,351.1,5.0,42.0,27.6,38.4,19.1,31.0,15.3,26.4,26.4,26.8,26.5,26.5,13.4,26.4,0.1,0.2
2026-05-29 09:22:06,354.4,5.1,40.8,27.6,39.0,19.3,30.6,15.2,28.2,26.5,27.1,26.8,27.3,13.7,26.9,0.1,0.2
2026-05-29 09:22:07,352.5,5.1,41.8,26.9,39.1,20.3,31.0,15.3,26.4,26.9,26.6,26.4,26.4,13.7,26.5,0.1,0.2
2026-05-29 09:22:07,352.8,5.1,40.9,29.9,38.9,19.7,30.8,15.2,26.4,26.4,26.6,26.7,26.4,13.4,26.2,0.1,0.2
2026-05-29 09:22:08,353.2,5.0,41.4,27.8,40.2,19.5,30.3,15.6,27.3,26.5,26.4,26.4,26.8,13.5,26.1,0.1,0.2
2026-05-29 09:22:08,351.4,5.1,41.8,27.8,38.8,19.1,30.5,15.3,26.5,26.4,26.9,26.5,26.3,13.4,26.6,0.1,0.2
2026-05-29 09:22:09,352.0,5.1,41.6,26.9,39.0,19.1,30.1,15.1,27.8,26.9,26.5,26.7,26.5,14.1,26.3,0.1,0.2
2026-05-29 09:22:09,353.2,5.1,41.4,27.2,38.6,19.6,30.4,15.1,26.3,28.1,26.7,27.0,26.5,13.7,27.2,0.1,0.2
2026-05-29 09:22:09,351.3,5.0,41.7,27.0,39.6,19.2,30.7,15.1,26.4,26.4,26.4,27.2,26.5,13.5,26.1,0.1,0.2
2026-05-29 09:22:10,352.9,5.1,41.5,26.9,40.4,19.6,30.5,15.9,26.8,26.5,26.4,26.5,26.5,13.7,26.2,0.1,0.2
2026-05-29 09:22:10,353.8,5.0,41.4,27.2,38.4,19.2,32.1,15.6,26.5,26.6,27.9,26.5,26.4,13.4,27.2,0.1,0.2
2026-05-29 09:22:11,352.0,5.1,40.8,27.7,40.1,19.8,30.9,15.6,26.4,26.4,26.4,26.4,26.4,13.4,26.3,0.1,0.2
2026-05-29 09:22:11,352.9,5.1,41.5,27.4,38.5,20.7,30.4,15.5,26.8,27.0,26.4,26.4,26.4,14.2,26.3,0.1,0.2
2026-05-29 09:22:12,352.2,5.0,41.7,27.7,39.4,19.2,30.6,15.3,26.4,26.4,26.6,27.4,26.5,13.4,26.1,0.1,0.2
2026-05-29 09:22:12,352.6,5.1,41.6,27.2,40.4,19.2,30.8,15.2,27.0,26.5,26.4,26.4,26.8,13.5,26.2,0.1,0.2
2026-05-29 09:22:13,352.5,5.1,42.5,26.9,39.5,19.2,30.7,15.2,26.4,26.5,26.9,26.5,26.3,13.4,27.1,0.1,0.2
2026-05-29 09:22:13,350.2,5.2,40.8,27.5,39.3,19.1,30.2,15.1,26.8,26.5,26.5,26.7,26.6,13.5,26.1,0.1,0.2
2026-05-29 09:22:14,352.2,5.1,42.5,26.9,39.3,19.8,30.5,15.1,26.4,26.9,26.5,26.5,26.4,13.8,26.4,0.1,0.2
2026-05-29 09:22:14,349.9,5.1,41.4,27.6,38.4,19.1,30.5,15.4,26.4,26.4,26.4,26.8,26.5,13.5,26.2,0.1,0.2
2026-05-29 09:22:15,353.2,5.1,41.5,26.8,40.4,19.4,30.9,15.6,26.9,26.7,26.5,26.4,26.8,13.5,26.3,0.1,0.2
2026-05-29 09:22:15,351.0,5.0,42.0,27.3,39.4,19.1,30.5,15.1,26.4,26.5,26.6,26.5,26.4,13.4,26.4,0.1,0.2
2026-05-29 09:22:16,355.7,5.3,40.9,28.2,40.8,19.1,30.9,15.2,28.2,26.6,27.1,26.9,26.6,13.5,26.2,0.1,0.2
2026-05-29 09:22:16,350.6,5.1,41.0,28.0,39.0,19.4,30.3,15.2,26.4,26.7,26.4,26.4,26.3,13.7,26.2,0.1,0.2
2026-05-29 09:22:17,352.8,5.1,41.7,27.4,39.3,19.2,31.0,15.2,26.5,26.4,26.7,27.6,26.5,13.5,26.2,0.1,0.2
2026-05-29 09:22:17,352.9,5.0,41.3,27.2,40.8,19.4,30.8,15.2,26.9,26.7,26.5,26.4,26.6,13.5,26.1,0.1,0.2
2026-05-29 09:22:17,352.4,5.3,42.1,26.9,39.5,19.1,30.7,15.2,26.4,26.4,27.2,26.7,26.4,13.4,26.7,0.1,0.2
2026-05-29 09:22:18,351.9,6.0,41.3,27.6,39.2,19.1,30.4,15.1,26.8,26.4,26.4,26.8,26.8,13.5,26.1,0.1,0.2
2026-05-29 09:22:18,353.5,5.1,41.0,27.5,38.5,21.1,30.9,15.2,27.1,27.1,26.5,26.4,26.4,13.8,26.8,0.1,0.2
2026-05-29 09:22:19,350.8,5.1,41.6,27.0,39.1,19.3,30.9,15.2,26.4,26.4,26.6,26.6,26.4,13.4,26.4,0.1,0.2
2026-05-29 09:22:19,353.1,5.7,41.1,27.8,40.0,19.2,31.1,15.7,26.4,26.4,26.4,26.8,26.6,13.4,26.1,0.1,0.2
2026-05-29 09:22:20,352.6,5.2,41.6,26.9,38.8,19.5,30.5,15.1,26.4,28.1,26.6,27.1,26.8,13.7,26.2,0.1,0.2
2026-05-29 09:22:20,351.3,5.1,42.0,27.0,39.1,19.3,31.0,15.3,26.4,26.4,26.9,26.5,26.4,13.4,26.4,0.1,0.2
2026-05-29 09:22:21,352.4,5.1,40.8,27.4,40.2,19.3,31.3,15.3,27.0,26.5,26.4,26.4,26.8,13.5,26.1,0.1,0.2
2026-05-29 09:22:21,352.3,5.1,42.2,28.2,38.8,19.6,30.3,15.1,26.3,26.9,26.7,26.5,26.3,13.4,26.6,0.1,0.2
2026-05-29 09:22:22,353.6,5.1,41.3,29.8,39.2,19.5,30.5,15.6,26.4,26.4,26.5,26.9,26.4,13.4,26.1,0.1,0.2
2026-05-29 09:22:22,354.2,5.2,41.6,27.8,39.3,19.1,30.1,15.0,26.4,28.1,26.5,27.1,26.8,14.4,26.3,0.1,0.2
2026-05-29 09:22:23,352.6,5.1,42.5,27.6,39.5,19.3,30.6,15.1,26.4,26.4,26.8,26.5,26.4,13.4,26.6,0.1,0.2
2026-05-29 09:22:23,353.3,5.1,40.8,27.7,41.0,19.3,30.8,15.2,26.9,26.5,26.3,26.9,26.7,13.6,26.2,0.1,0.2
2026-05-29 09:22:24,352.0,5.8,41.4,27.5,38.9,20.1,30.4,15.1,26.4,27.0,26.5,26.4,26.3,13.4,26.6,0.1,0.2
2026-05-29 09:22:24,352.7,5.1,41.5,28.6,38.8,19.9,31.0,15.4,26.4,26.4,26.4,26.8,26.5,13.4,26.2,0.1,0.2
2026-05-29 09:22:25,354.0,5.2,41.3,27.1,40.0,19.8,30.6,16.0,26.8,27.4,26.5,26.4,26.9,13.5,26.1,0.1,0.2
2026-05-29 09:22:25,351.6,5.0,42.0,26.9,38.9,19.3,31.1,15.4,26.5,26.4,26.7,26.7,26.4,13.4,26.4,0.1,0.2
2026-05-29 09:22:25,353.4,5.1,40.9,28.2,40.4,19.1,30.8,15.2,26.9,26.7,26.4,26.4,27.2,13.6,26.2,0.1,0.2
2026-05-29 09:22:26,352.4,5.1,42.2,28.2,38.9,19.5,30.2,15.1,26.3,26.7,26.8,26.5,26.4,13.4,26.7,0.1,0.2
2026-05-29 09:22:26,354.2,5.2,41.4,29.5,39.3,19.7,30.5,15.7,26.5,26.4,26.4,27.3,26.5,13.4,26.1,0.1,0.2
2026-05-29 09:22:27,354.8,5.1,41.6,27.4,40.6,19.7,30.2,15.8,27.5,27.0,26.4,26.5,27.0,13.5,26.2,0.1,0.2
2026-05-29 09:22:27,352.8,5.1,42.1,28.5,38.7,19.5,30.4,15.1,26.4,26.4,26.8,26.5,26.3,13.5,27.1,0.1,0.2
2026-05-29 09:22:28,352.9,5.1,41.2,27.5,40.8,19.6,30.5,15.6,26.5,26.4,26.3,26.8,26.4,13.4,26.3,0.1,0.2
2026-05-29 09:22:28,353.4,5.0,41.0,27.5,39.0,20.6,31.5,15.2,26.4,27.2,26.5,26.4,26.3,13.7,26.4,0.1,0.2
2026-05-29 09:22:29,351.2,5.1,41.8,26.9,39.5,19.4,30.8,15.2,26.4,26.4,26.8,26.5,26.3,13.4,26.4,0.1,0.2
2026-05-29 09:22:29,352.9,5.1,41.5,26.8,40.7,19.2,31.1,15.2,27.2,26.6,26.4,26.4,26.8,13.5,26.1,0.1,0.2
2026-05-29 09:22:30,352.0,5.0,42.3,27.7,38.5,19.6,30.6,15.1,26.4,26.8,26.7,26.4,26.4,13.4,26.6,0.1,0.2
2026-05-29 09:22:30,352.6,5.1,41.5,28.4,38.7,19.8,30.6,15.7,26.5,26.4,26.5,27.1,26.4,13.4,26.1,0.1,0.2
2026-05-29 09:22:31,353.9,5.2,41.2,26.8,39.6,21.3,30.6,15.9,26.5,26.9,26.5,26.5,26.6,13.7,26.2,0.1,0.2
2026-05-29 09:22:31,354.5,5.0,41.4,27.8,39.4,19.1,32.2,15.5,26.5,27.1,27.0,26.5,26.4,13.5,26.2,0.5,0.2
2026-05-29 09:22:32,353.0,5.1,41.6,27.6,40.6,19.1,30.8,15.2,26.9,26.5,26.4,26.6,26.6,13.6,26.2,0.1,0.2
2026-05-29 09:22:32,353.4,5.0,42.9,28.3,39.0,19.9,30.3,15.1,26.4,26.9,26.5,26.4,26.3,13.7,26.4,0.1,0.2
2026-05-29 09:22:33,353.1,5.1,42.4,27.5,39.6,19.4,31.4,15.2,26.4,26.4,26.7,26.6,26.4,13.4,26.1,0.1,0.2
2026-05-29 09:22:33,352.8,5.0,41.3,27.4,40.6,19.2,31.0,15.2,26.9,26.5,26.4,26.4,26.8,13.5,26.1,0.1,0.2
2026-05-29 09:22:34,352.2,5.0,42.0,27.6,38.9,19.1,30.7,15.2,26.5,26.4,27.3,26.6,26.3,13.4,26.7,0.1,0.2
2026-05-29 09:22:34,353.2,5.1,41.2,27.2,40.9,19.4,31.0,15.5,26.8,26.6,26.4,26.9,26.4,13.4,26.1,0.1,0.2
2026-05-29 09:22:34,353.9,5.0,41.5,27.2,38.5,21.2,30.6,15.1,27.1,27.0,26.6,26.4,26.4,13.7,27.3,0.1,0.2
2026-05-29 09:22:35,351.1,5.0,41.7,27.0,39.0,19.4,30.8,15.5,26.4,26.4,26.5,27.0,26.5,13.4,26.1,0.1,0.2
2026-05-29 09:22:35,352.7,5.1,41.5,26.9,40.0,19.3,31.4,15.4,26.9,26.5,26.4,26.3,27.0,13.5,26.1,0.1,0.2
2026-05-29 09:22:36,350.9,5.1,41.2,26.8,39.0,19.6,30.7,15.3,26.4,26.4,26.9,26.4,26.5,13.5,26.7,0.1,0.2
2026-05-29 09:22:36,353.4,5.1,41.7,27.7,40.6,19.1,30.8,15.6,26.8,26.5,26.4,26.6,26.6,13.4,26.2,0.1,0.2
2026-05-29 09:22:37,352.8,5.1,41.7,27.3,40.5,19.2,30.5,15.5,26.8,26.7,26.4,26.4,26.8,13.5,26.2,0.1,0.2
2026-05-29 09:22:37,351.8,5.0,41.9,27.5,39.4,19.1,30.7,15.2,26.4,26.4,27.0,26.5,26.3,13.4,26.4,0.1,0.2
2026-05-29 09:22:38,352.8,5.1,40.9,27.8,40.9,19.2,30.8,15.2,27.0,26.6,26.4,26.4,26.8,13.5,26.1,0.1,0.2
2026-05-29 09:22:38,351.9,5.0,42.2,27.6,39.0,19.6,30.2,15.1,26.4,26.8,26.7,26.5,26.4,13.5,26.8,0.1,0.2
2026-05-29 09:22:39,352.3,5.1,40.8,29.2,38.8,19.8,30.3,15.6,26.5,26.4,26.5,26.9,26.4,13.4,26.1,0.1,0.2
2026-05-29 09:22:39,353.0,5.3,41.6,26.9,39.9,19.8,30.5,15.8,26.5,26.9,26.4,26.5,26.6,13.7,26.2,0.1,0.2
2026-05-29 09:22:40,352.5,5.0,42.0,27.0,39.0,19.3,31.4,15.3,26.4,26.4,27.4,26.9,26.5,13.5,26.1,0.1,0.2
2026-05-29 09:22:40,353.0,5.1,41.2,27.3,40.4,19.4,31.2,15.4,26.9,26.5,26.4,26.3,26.8,13.5,26.3,0.1,0.2
2026-05-29 09:22:41,353.5,5.0,42.0,28.3,38.8,19.4,31.2,15.2,26.4,26.8,27.0,26.6,26.4,13.4,26.8,0.1,0.2
2026-05-29 09:22:41,353.7,5.0,41.3,28.1,41.0,19.2,30.9,15.7,26.5,26.4,26.3,26.8,26.4,13.4,26.1,0.1,0.2
2026-05-29 09:22:42,354.0,5.0,41.5,27.6,39.0,21.0,30.3,15.5,26.8,27.4,26.5,26.4,26.3,14.0,26.2,0.1,0.2
2026-05-29 09:22:42,351.6,5.1,41.8,27.3,39.5,19.2,30.6,15.3,26.5,26.5,26.9,26.5,26.3,13.4,26.4,0.1,0.2
2026-05-29 09:22:42,353.1,5.1,40.8,27.5,39.3,19.3,30.1,15.0,28.0,26.9,26.5,27.1,27.4,13.6,26.1,0.1,0.2
2026-05-29 09:22:43,351.9,5.1,42.2,26.9,39.5,19.7,30.3,15.1,26.4,26.6,26.9,26.5,26.3,13.4,26.6,0.1,0.2
2026-05-29 09:22:43,353.3,5.1,41.6,28.8,39.0,19.9,30.6,15.7,26.5,26.4,26.4,27.0,26.5,13.4,26.1,0.1,0.2
2026-05-29 09:22:44,353.2,5.2,40.9,27.7,38.8,20.9,30.5,15.8,26.5,27.0,26.5,26.4,26.8,13.8,26.2,0.1,0.2
2026-05-29 09:22:44,351.2,5.0,42.0,26.9,39.0,19.3,31.1,15.3,26.4,26.4,27.0,26.5,26.3,13.4,26.2,0.1,0.2
2026-05-29 09:22:45,352.7,5.3,40.9,27.9,40.4,19.2,30.8,15.2,26.9,26.6,26.3,26.4,26.8,13.5,26.2,0.1,0.2
2026-05-29 09:22:45,352.0,5.0,41.9,27.9,39.0,19.4,30.5,15.1,26.4,26.4,26.8,26.5,26.4,13.5,26.7,0.1,0.2
2026-05-29 09:22:46,353.8,5.1,41.3,28.1,41.2,19.2,30.8,15.7,26.6,26.4,26.4,26.9,26.4,13.4,26.1,0.1,0.2
2026-05-29 09:22:46,353.7,5.0,41.9,27.6,39.1,20.8,30.3,15.8,26.5,27.1,26.5,26.4,26.3,13.9,26.2,0.1,0.2
2026-05-29 09:22:47,351.1,5.4,41.0,28.0,38.8,19.2,30.6,15.1,26.4,26.4,26.7,26.7,26.4,13.4,26.4,0.1,0.2
2026-05-29 09:22:47,352.9,5.1,40.9,27.5,41.1,19.2,30.9,15.2,26.9,26.5,26.4,26.5,26.8,13.5,26.1,0.1,0.2
2026-05-29 09:22:48,352.2,5.0,42.2,27.6,38.7,20.0,30.5,15.1,26.4,26.8,26.7,26.4,26.5,13.4,26.6,0.1,0.2
2026-05-29 09:22:48,353.0,5.1,41.5,28.8,39.0,19.3,31.1,15.8,26.4,26.4,26.4,26.8,26.4,13.5,26.2,0.1,0.2
2026-05-29 09:22:49,354.4,5.2,40.9,27.6,38.8,21.3,30.6,15.6,26.8,27.7,26.6,26.4,26.7,13.7,26.2,0.1,0.2
2026-05-29 09:22:49,351.6,5.1,41.8,26.9,39.4,19.4,31.1,15.3,26.4,26.4,26.8,26.4,26.3,13.4,26.6,0.1,0.2
2026-05-29 09:22:50,353.6,5.1,41.4,27.8,40.5,19.1,31.0,15.2,26.9,26.5,26.4,26.6,27.0,13.6,26.1,0.1,0.2
2026-05-29 09:22:50,353.0,5.8,41.6,27.9,38.8,19.6,30.2,15.2,26.5,27.0,26.5,26.4,26.4,13.4,27.4,0.1,0.2
2026-05-29 09:22:50,355.1,5.0,41.3,30.1,39.3,19.6,30.8,15.4,26.5,26.5,26.4,27.7,26.5,13.4,26.1,0.1,0.2
2026-05-29 09:22:51,351.2,5.2,41.2,27.9,39.2,19.2,30.1,15.0,26.8,26.6,26.5,26.4,26.9,13.5,26.2,0.1,0.2
2026-05-29 09:22:51,352.1,5.1,41.9,27.3,39.2,19.2,30.6,15.2,26.4,26.4,27.0,26.6,26.4,13.4,27.1,0.1,0.2
2026-05-29 09:22:52,352.9,5.1,41.7,26.9,40.4,19.5,30.9,15.5,26.7,26.5,26.4,27.0,26.5,13.5,26.1,0.1,0.2
2026-05-29 09:22:52,353.2,5.0,41.7,26.9,38.7,21.1,30.5,15.1,27.1,27.0,26.5,26.4,26.4,13.9,26.5,0.1,0.2
2026-05-29 09:22:53,351.0,5.0,41.9,27.0,39.1,19.4,30.7,15.5,26.4,26.4,26.4,26.8,26.5,13.4,26.3,0.1,0.2
2026-05-29 09:22:53,352.3,5.1,40.8,27.5,40.1,19.3,31.2,15.3,26.7,26.6,26.4,26.4,26.8,13.5,26.1,0.1,0.2
2026-05-29 09:22:54,352.2,5.1,42.5,28.0,38.9,18.9,30.7,15.3,26.3,26.4,26.9,26.4,26.4,13.4,26.6,0.1,0.2
2026-05-29 09:22:54,353.2,5.1,41.3,27.8,40.8,19.1,30.8,15.2,27.0,26.6,26.4,26.7,26.6,13.5,26.2,0.1,0.2
2026-05-29 09:22:55,353.9,5.0,41.6,27.3,39.4,21.3,30.3,15.1,27.1,27.2,26.5,26.4,26.3,13.7,26.4,0.1,0.2
2026-05-29 09:22:55,350.5,5.4,40.9,28.1,38.7,19.1,30.6,15.1,26.4,26.4,26.7,26.7,26.4,13.4,26.1,0.1,0.2
2026-05-29 09:22:56,353.8,5.1,41.7,27.2,40.8,19.2,30.8,15.2,27.3,26.6,26.4,26.5,26.9,13.5,26.1,0.1,0.2
2026-05-29 09:22:56,351.7,5.0,42.1,27.4,39.1,19.1,30.7,15.2,26.4,26.4,26.8,26.5,26.4,13.5,26.6,0.1,0.2
2026-05-29 09:22:57,354.2,5.1,41.2,27.1,41.1,19.3,31.1,15.5,27.4,26.6,26.4,26.7,26.6,13.5,26.2,0.1,0.2
2026-05-29 09:22:57,353.1,5.2,41.5,26.9,39.3,20.8,30.5,15.5,26.7,27.0,26.5,26.4,26.6,13.6,26.2,0.1,0.2
2026-05-29 09:22:58,351.8,5.0,42.0,26.9,39.4,19.2,31.1,15.3,26.4,26.4,27.3,26.5,26.4,13.4,26.1,0.1,0.2
2026-05-29 09:22:58,352.5,5.1,40.8,27.4,40.1,19.4,31.3,15.4,27.0,26.5,26.4,26.4,26.8,13.5,26.1,0.1,0.2
2026-05-29 09:22:59,353.1,5.1,42.0,27.2,38.6,19.5,30.8,15.3,26.5,26.4,27.9,26.5,26.4,13.4,27.1,0.1,0.2
2026-05-29 09:22:59,353.9,5.0,41.3,28.1,40.9,19.5,30.5,15.7,26.6,26.6,26.4,26.9,26.5,13.4,26.2,0.1,0.2
2026-05-29 09:22:59,353.9,5.1,41.7,27.3,40.7,19.7,30.3,15.8,26.8,26.7,26.6,26.4,26.9,13.6,26.2,0.1,0.2
2026-05-29 09:23:00,351.5,5.1,41.9,28.1,38.7,18.9,30.7,15.1,26.4,26.5,27.0,26.5,26.4,13.4,26.5,0.1,0.2
2026-05-29 09:23:00,353.3,5.1,41.4,28.1,40.2,19.6,30.6,15.5,26.7,26.5,26.4,26.8,26.5,13.5,26.2,0.1,0.2
2026-05-29 09:23:01,352.8,5.5,41.3,28.2,39.8,19.5,30.1,15.1,26.4,26.9,26.5,26.4,26.7,13.8,26.2,0.1,0.2
2026-05-29 09:23:01,352.0,5.0,42.3,27.6,39.4,19.2,30.7,15.1,26.4,26.4,26.8,26.5,26.3,13.4,26.3,0.1,0.2
2026-05-29 09:23:02,357.5,5.1,41.2,27.2,40.9,19.3,30.9,15.2,28.5,26.6,27.0,27.2,27.6,14.1,26.4,0.1,0.2
2026-05-29 09:23:02,351.8,5.0,41.3,27.3,39.2,19.7,30.4,15.1,26.4,26.9,26.5,26.4,26.3,13.7,27.3,0.1,0.2
2026-05-29 09:23:03,352.5,5.4,41.7,27.5,39.4,19.2,30.5,15.4,26.5,26.4,26.4,27.6,26.5,13.4,26.1,0.1,0.2
2026-05-29 09:23:03,351.1,5.1,41.7,26.9,39.7,19.2,30.4,15.1,26.6,26.8,26.4,26.4,26.7,13.7,26.2,0.1,0.2
2026-05-29 09:23:04,351.8,5.1,41.8,26.9,39.1,19.2,31.4,15.3,26.4,26.4,27.1,26.5,26.4,13.4,26.4,0.1,0.2
2026-05-29 09:23:04,351.5,5.2,41.4,27.6,38.5,19.8,30.6,15.2,26.9,26.5,26.4,26.5,26.9,13.5,26.2,0.1,0.2
2026-05-29 09:23:05,357.6,5.1,42.3,27.5,39.2,19.5,31.0,15.2,27.5,28.0,26.5,26.8,27.9,13.7,26.9,0.1,0.2
2026-05-29 09:23:05,353.0,5.0,41.8,28.0,38.7,18.9,31.5,15.5,26.5,27.2,26.8,26.7,26.4,13.5,26.2,0.1,0.2
2026-05-29 09:23:06,354.5,5.0,41.3,27.8,41.2,19.4,30.2,15.8,27.0,26.5,26.4,26.4,27.3,13.6,26.2,0.1,0.2
2026-05-29 09:23:06,352.4,5.1,42.2,28.4,38.8,19.7,30.2,15.1,26.4,26.7,26.6,26.5,26.3,13.4,26.7,0.1,0.2
2026-05-29 09:23:07,353.7,5.1,41.3,27.9,41.0,19.6,30.3,15.4,26.5,27.1,26.5,26.7,26.4,13.4,26.1,0.1,0.2
2026-05-29 09:23:07,351.7,5.0,42.0,27.3,39.3,19.5,30.3,15.2,26.4,26.9,26.5,26.4,26.4,13.7,26.4,0.1,0.2
2026-05-29 09:23:08,350.9,5.1,41.7,27.0,39.4,19.2,30.7,15.2,26.4,26.6,26.7,26.7,26.4,13.4,26.1,0.1,0.2
2026-05-29 09:23:08,352.6,5.1,41.5,26.8,40.2,19.3,31.0,15.3,26.9,26.6,26.5,26.4,26.9,13.5,26.1,0.1,0.2
2026-05-29 09:23:08,352.2,5.1,42.1,27.3,38.7,19.2,31.0,15.2,26.4,26.4,26.8,26.6,26.4,13.4,27.4,0.1,0.2
2026-05-29 09:23:09,352.9,5.1,41.4,27.5,38.5,19.3,30.4,15.5,27.9,26.5,27.1,27.2,26.6,13.5,26.2,0.1,0.2
2026-05-29 09:23:09,353.4,5.1,41.6,27.7,38.7,20.8,30.3,15.6,26.8,27.1,26.5,26.4,26.4,14.0,26.3,0.1,0.2
2026-05-29 09:23:10,351.8,5.0,41.8,27.8,39.5,19.2,30.7,15.1,26.4,26.4,26.4,26.9,26.4,13.4,26.3,0.1,0.2
2026-05-29 09:23:10,353.4,5.1,41.6,27.4,40.5,19.6,30.3,15.8,26.9,26.7,26.4,26.4,26.6,13.7,26.2,0.1,0.2
2026-05-29 09:23:11,352.6,5.1,42.0,27.4,39.4,19.5,30.9,15.2,26.4,26.8,26.7,26.5,26.3,13.4,26.6,0.1,0.2
2026-05-29 09:23:11,352.6,5.1,41.2,28.1,40.1,19.8,30.2,15.6,26.6,26.4,26.4,26.9,26.4,13.4,26.1,0.1,0.2
2026-05-29 09:23:12,353.8,5.0,41.4,27.2,39.1,21.1,30.4,15.5,26.8,27.5,26.6,26.4,26.3,14.0,26.2,0.1,0.2
2026-05-29 09:23:12,350.7,5.0,41.7,27.0,39.2,19.2,30.9,15.2,26.4,26.4,26.7,26.7,26.5,13.4,26.1,0.1,0.2
2026-05-29 09:23:13,352.4,5.1,41.1,26.8,39.6,19.9,30.9,15.2,27.3,26.6,26.4,26.5,27.0,13.6,26.1,0.1,0.2
2026-05-29 09:23:13,351.8,5.4,41.2,27.6,38.4,19.1,31.1,15.3,26.4,26.4,26.8,26.5,26.4,13.4,27.4,0.1,0.2
2026-05-29 09:23:14,354.0,5.1,41.3,28.2,40.7,19.1,30.8,15.5,26.6,26.5,26.4,27.3,26.5,13.4,26.2,0.1,0.2
2026-05-29 09:23:14,353.2,5.2,41.7,27.6,40.5,19.4,30.1,15.8,26.5,26.7,26.6,26.5,26.6,13.6,26.2,0.1,0.2
2026-05-29 09:23:15,352.7,5.0,42.1,27.3,39.6,19.2,31.5,15.3,26.4,26.4,26.9,26.5,26.3,13.4,26.4,0.1,0.2
2026-05-29 09:23:15,353.3,5.0,41.3,27.7,39.4,19.2,30.3,15.2,28.1,26.6,27.0,26.5,26.8,13.5,26.1,0.1,0.2
2026-05-29 09:23:16,351.9,5.0,42.4,27.0,39.4,19.5,30.4,15.1,26.5,26.7,26.6,26.5,26.4,13.4,26.6,0.1,0.3
2026-05-29 09:23:16,353.2,5.1,41.3,27.6,40.5,20.0,30.3,15.6,26.7,26.5,26.4,26.9,26.4,13.4,26.1,0.1,0.2
2026-05-29 09:23:16,353.8,5.3,41.0,27.4,39.2,20.6,30.5,15.8,26.5,26.9,26.6,26.4,26.4,14.6,26.3,0.1,0.2
2026-05-29 09:23:17,351.6,5.1,42.2,26.9,39.5,19.2,30.8,15.1,26.4,26.4,26.8,26.6,26.4,13.4,26.4,0.1,0.2
2026-05-29 09:23:17,353.2,5.1,41.2,27.2,38.7,19.2,30.4,15.1,28.3,26.7,26.6,26.8,27.7,13.6,26.1,0.1,0.2
2026-05-29 09:23:18,351.8,5.3,41.4,27.7,38.6,19.7,30.5,15.2,26.4,27.0,26.5,26.4,26.5,13.9,26.5,0.1,0.2
2026-05-29 09:23:18,351.6,5.1,41.7,27.0,39.0,19.3,31.4,15.7,26.4,26.4,26.7,26.7,26.4,13.4,26.1,0.1,0.2
2026-05-29 09:23:19,352.8,5.1,41.4,27.6,40.3,19.0,30.9,15.2,26.8,26.5,26.5,26.4,27.0,13.5,26.1,0.1,0.2
2026-05-29 09:23:19,351.7,5.0,41.9,27.5,39.4,19.0,30.6,15.3,26.4,26.4,26.8,26.5,26.3,13.4,26.6,0.1,0.2
2026-05-29 09:23:20,351.6,5.5,40.9,27.9,39.3,19.2,30.1,15.0,27.3,26.5,26.4,26.8,26.7,13.6,26.2,0.1,0.2
2026-05-29 09:23:20,351.9,6.0,41.1,27.9,39.1,19.6,30.2,15.1,26.4,27.0,26.5,26.4,26.3,13.7,26.4,0.1,0.2
2026-05-29 09:23:21,353.7,5.2,41.0,27.7,38.8,19.3,30.5,16.3,26.6,27.0,26.6,27.6,26.5,13.4,26.8,0.1,0.2
2026-05-29 09:23:21,352.9,5.1,41.5,27.2,40.5,19.3,30.8,15.5,26.7,26.7,26.4,26.4,26.9,13.5,26.1,0.1,0.2
2026-05-29 09:23:22,351.2,5.1,41.8,27.0,39.2,19.2,31.1,15.2,26.4,26.4,26.8,26.4,26.4,13.5,26.4,0.1,0.2
2026-05-29 09:23:22,352.5,5.1,40.8,27.4,40.4,19.4,31.1,15.3,26.9,26.5,26.4,26.4,26.8,13.5,26.2,0.1,0.2
2026-05-29 09:23:23,352.7,5.1,41.9,27.4,38.3,19.9,30.6,15.2,26.4,26.6,27.5,26.5,26.4,13.4,27.1,0.1,0.2
2026-05-29 09:23:23,353.5,5.0,41.4,29.7,39.0,19.7,30.5,15.7,26.5,26.4,26.4,26.8,26.4,13.4,26.2,0.1,0.2
2026-05-29 09:23:24,353.2,5.2,41.5,27.6,40.2,19.5,30.1,15.8,26.6,27.0,26.5,26.4,26.6,13.7,26.2,0.1,0.2
2026-05-29 09:23:24,352.8,5.0,41.4,27.5,38.8,19.2,30.4,16.6,26.7,27.2,26.9,26.7,26.4,13.4,26.1,0.1,0.2
2026-05-29 09:23:24,353.2,5.1,41.3,27.2,40.5,19.3,30.8,15.2,26.9,26.5,26.5,26.4,27.5,13.6,26.1,0.1,0.2
2026-05-29 09:23:25,352.3,5.0,42.3,27.6,38.7,19.5,30.6,15.2,26.5,26.4,27.1,26.6,26.4,13.4,26.7,0.1,0.2
2026-05-29 09:23:25,353.2,5.1,40.8,27.8,40.9,19.6,30.8,15.7,26.5,26.4,26.4,26.8,26.5,13.5,26.1,0.1,0.2
2026-05-29 09:23:26,353.3,5.0,41.4,27.1,38.7,20.8,30.8,15.8,26.6,26.9,26.5,26.5,26.3,14.2,26.3,0.1,0.2
2026-05-29 09:23:26,351.1,5.0,41.7,27.0,39.1,19.4,31.0,15.3,26.4,26.4,26.7,26.6,26.4,13.4,26.1,0.1,0.2
2026-05-29 09:23:27,353.3,5.1,40.9,28.0,40.4,19.1,30.9,15.2,27.3,26.6,26.4,26.4,27.0,13.6,26.2,0.1,0.2
2026-05-29 09:23:27,351.6,5.0,41.9,27.5,39.4,19.1,30.6,15.3,26.4,26.4,26.8,26.5,26.3,13.4,26.4,0.1,0.2
2026-05-29 09:23:28,352.0,5.1,41.1,27.1,39.8,19.2,30.8,15.5,27.1,26.6,26.4,27.0,26.4,13.4,26.1,0.1,0.2
2026-05-29 09:23:28,352.7,5.1,41.7,26.9,38.8,20.9,30.3,15.5,26.8,27.0,26.6,26.4,26.3,13.7,26.4,0.1,0.2
2026-05-29 09:23:29,351.5,5.1,41.9,27.0,39.4,19.2,30.5,15.4,26.5,26.4,26.4,27.3,26.5,13.4,26.1,0.1,0.2
2026-05-29 09:23:29,353.4,5.1,41.9,26.9,40.2,19.8,30.7,15.2,26.8,26.9,26.5,26.4,27.0,13.5,26.1,0.1,0.2
2026-05-29 09:23:30,351.0,5.0,41.8,26.9,39.1,19.2,30.9,15.3,26.4,26.4,26.8,26.5,26.4,13.4,26.5,0.1,0.2
2026-05-29 09:23:30,352.9,5.2,40.8,27.5,40.4,19.5,31.2,15.3,26.9,26.5,26.4,26.6,26.6,13.5,26.1,0.1,0.2
2026-05-29 09:23:31,352.6,5.0,41.8,27.7,39.3,19.6,30.3,15.1,26.4,27.3,26.9,26.4,26.3,13.4,26.7,0.1,0.2
2026-05-29 09:23:31,353.5,5.1,41.3,29.4,39.2,19.9,30.8,15.4,26.4,26.4,26.4,26.7,26.6,13.5,26.2,0.1,0.2
2026-05-29 09:23:32,353.3,5.2,41.3,27.5,39.6,20.3,30.2,15.3,27.4,26.8,26.4,26.4,26.6,13.7,26.2,0.1,0.2
2026-05-29 09:23:32,353.7,5.0,41.8,27.4,39.4,19.3,31.2,15.6,27.4,26.7,26.9,26.5,26.3,13.4,26.4,0.1,0.2
2026-05-29 09:23:32,353.6,5.1,41.3,27.2,40.8,19.2,30.9,15.2,26.9,26.5,26.5,26.4,27.5,13.6,26.1,0.1,0.2
2026-05-29 09:23:33,353.4,5.0,42.4,27.6,38.6,19.9,31.2,15.2,26.4,26.7,26.7,26.8,26.4,13.4,26.7,0.1,0.2
2026-05-29 09:23:33,352.5,5.0,41.3,28.8,38.8,19.9,30.5,15.7,26.5,26.4,26.4,26.8,26.4,13.5,26.2,0.1,0.2
2026-05-29 09:23:34,352.1,5.0,41.8,26.8,38.6,19.9,30.7,15.2,26.4,26.7,26.5,26.4,26.4,14.8,26.5,0.1,0.2
2026-05-29 09:23:34,351.2,5.7,41.4,28.1,38.8,19.0,30.7,15.2,26.4,26.5,26.7,26.6,26.4,13.4,26.1,0.1,0.2
2026-05-29 09:23:35,353.2,5.1,41.3,27.6,40.4,19.2,30.9,15.2,27.3,26.6,26.4,26.4,26.9,13.5,26.2,0.1,0.2
2026-05-29 09:23:35,352.1,5.0,41.9,28.4,38.9,19.4,30.4,15.1,26.5,26.4,26.8,26.5,26.3,13.4,26.6,0.1,0.2
2026-05-29 09:23:36,353.3,5.1,41.5,27.4,40.3,19.7,30.2,15.7,26.8,26.6,26.4,27.3,26.5,13.4,26.1,0.1,0.2
2026-05-29 09:23:36,353.1,5.1,41.4,27.2,38.7,21.2,30.4,15.3,26.9,27.1,26.6,26.4,26.3,13.9,26.2,0.1,0.2
2026-05-29 09:23:37,350.8,5.0,41.9,27.0,39.2,19.2,30.9,15.2,26.4,26.4,26.4,26.9,26.5,13.4,26.1,0.1,0.2
2026-05-29 09:23:37,353.2,5.1,41.7,27.0,40.6,19.4,30.8,15.5,26.9,26.5,26.4,26.4,26.9,13.5,26.1,0.1,0.2
2026-05-29 09:23:38,351.9,5.0,41.8,27.3,38.8,19.2,31.1,15.3,26.4,26.4,26.8,26.4,26.4,13.4,27.1,0.1,0.2
2026-05-29 09:23:38,353.3,5.1,41.3,27.8,40.8,19.1,30.9,15.6,26.6,26.5,26.4,26.7,26.6,13.5,26.1,0.1,0.2
2026-05-29 09:23:39,352.8,6.0,41.1,28.1,38.7,19.6,30.3,15.1,26.4,27.3,26.9,26.4,26.3,13.8,26.4,0.1,0.2
2026-05-29 09:23:39,353.0,5.0,41.3,29.7,38.8,19.9,30.7,15.2,26.4,26.5,26.4,26.8,26.4,13.4,26.1,0.1,0.2
2026-05-29 09:23:39,352.9,5.1,41.3,27.3,40.7,19.3,30.5,15.4,26.9,26.8,26.4,26.4,26.8,13.5,26.1,0.1,0.2
2026-05-29 09:23:40,351.9,5.0,42.2,26.9,39.3,19.3,30.7,15.2,26.4,26.6,27.0,26.5,26.4,13.4,26.5,0.1,0.2
2026-05-29 09:23:40,353.3,5.1,41.3,27.2,40.3,19.2,31.1,15.2,26.9,26.5,26.4,26.5,27.6,13.6,26.1,0.1,0.2
2026-05-29 09:23:41,352.5,5.4,41.8,27.6,38.4,20.1,30.6,15.1,26.4,26.8,26.7,26.6,26.5,13.4,26.7,0.1,0.2
2026-05-29 09:23:41,352.5,5.0,41.3,29.0,38.4,20.0,30.6,15.7,26.5,26.4,26.4,26.8,26.4,13.5,26.2,0.1,0.2
2026-05-29 09:23:42,354.2,5.2,41.6,27.8,40.4,19.2,30.3,15.8,26.5,27.4,26.5,26.3,26.8,13.7,26.4,0.1,0.2
2026-05-29 09:23:42,350.9,5.1,41.3,28.2,38.7,18.9,30.8,15.2,26.3,26.4,26.8,26.4,26.4,13.4,26.6,0.1,0.2
2026-05-29 09:23:43,353.6,5.1,41.6,27.3,40.7,19.2,30.9,15.5,26.7,26.5,26.4,26.6,27.0,13.6,26.2,0.1,0.2
2026-05-29 09:23:43,351.6,6.0,41.2,27.9,38.7,19.5,30.2,15.1,26.5,26.9,26.5,26.4,26.3,13.7,26.4,0.1,0.2
2026-05-29 09:23:44,354.0,5.1,41.6,28.3,40.4,19.8,30.6,15.3,26.4,26.5,26.4,27.3,26.5,13.4,26.1,0.1,0.2
2026-05-29 09:23:44,352.6,5.1,41.3,27.2,40.5,19.3,30.3,15.1,27.4,26.8,26.5,26.4,26.8,13.5,26.1,0.1,0.2
2026-05-29 09:23:45,350.8,5.1,42.0,26.9,39.3,19.2,30.7,15.1,26.4,26.4,26.6,26.5,26.4,13.4,26.4,0.1,0.2
2026-05-29 09:23:45,352.3,5.1,41.4,27.3,40.2,19.3,31.2,15.3,26.7,26.4,26.4,26.4,26.7,13.5,26.1,0.1,0.2
2026-05-29 09:23:46,351.3,5.1,41.9,27.5,38.5,19.7,30.5,15.2,26.4,26.6,26.7,26.4,26.4,13.4,26.7,0.1,0.2
2026-05-29 09:23:46,352.7,5.3,41.1,27.9,38.5,19.3,30.5,15.7,26.5,26.4,26.5,27.8,26.5,13.4,26.8,0.1,0.2
2026-05-29 09:23:47,351.3,5.2,40.8,27.4,38.9,19.3,30.6,15.3,26.7,27.5,26.5,26.4,26.9,13.5,26.1,0.1,0.2
2026-05-29 09:23:47,353.1,5.1,41.9,28.1,39.6,19.2,30.8,15.2,26.4,26.4,26.9,26.5,26.4,13.4,26.8,0.1,0.2
2026-05-29 09:23:47,353.1,5.0,41.0,27.9,40.6,19.3,30.8,15.2,27.1,26.5,26.4,26.7,26.6,13.5,26.2,0.1,0.2
2026-05-29 09:23:48,352.6,6.0,41.1,27.9,38.8,20.0,30.3,15.1,26.5,27.1,26.5,26.4,26.3,13.7,26.5,0.1,0.2
2026-05-29 09:23:48,354.1,5.1,41.3,27.7,38.7,19.1,30.1,16.7,26.6,27.0,26.6,27.9,26.5,14.1,26.3,0.1,0.2
2026-05-29 09:23:49,351.2,5.1,41.6,26.9,39.8,19.3,30.1,15.1,27.0,26.5,26.5,26.5,26.9,13.5,26.1,0.1,0.2
2026-05-29 09:23:49,353.2,5.1,41.8,27.0,38.5,19.1,32.4,15.3,26.8,26.8,27.0,26.5,26.5,13.5,26.6,0.1,0.2
2026-05-29 09:23:50,353.4,5.0,41.5,27.2,40.1,19.2,31.2,15.5,27.1,26.5,26.4,27.0,26.4,13.6,26.3,0.1,0.2
2026-05-29 09:23:50,352.5,5.0,41.5,27.2,38.2,21.0,30.7,15.5,26.8,27.0,26.5,26.4,26.3,13.7,26.4,0.1,0.2
2026-05-29 09:23:51,351.0,5.1,41.7,27.2,38.3,19.8,31.0,15.3,26.4,26.4,26.4,27.0,26.5,13.4,26.1,0.1,0.2
2026-05-29 09:23:51,352.8,5.1,41.6,27.3,40.4,19.2,30.8,15.3,26.9,26.6,26.4,26.4,26.8,13.5,26.2,0.1,0.2
2026-05-29 09:23:52,352.2,5.0,41.9,27.8,39.2,19.1,30.6,15.2,26.5,26.4,26.9,26.5,26.3,13.4,27.0,0.1,0.2
2026-05-29 09:23:52,352.8,5.1,41.6,27.2,40.5,19.2,30.8,15.2,27.0,26.5,26.5,26.7,26.6,13.5,26.2,0.1,0.2
2026-05-29 09:23:53,351.5,6.0,41.3,27.3,39.3,19.6,30.2,15.1,26.4,26.8,26.4,26.5,26.4,13.4,26.4,0.1,0.2
2026-05-29 09:23:53,353.0,5.1,41.8,28.7,38.8,19.8,30.7,15.3,26.5,26.4,26.5,26.9,26.5,13.5,26.1,0.1,0.2
2026-05-29 09:23:54,353.1,5.0,41.3,27.1,40.9,19.3,30.8,15.5,26.8,26.7,26.4,26.4,26.6,13.8,26.2,0.1,0.2
2026-05-29 09:23:54,351.4,5.0,41.8,26.9,39.2,19.2,31.0,15.3,26.4,26.4,26.7,26.6,26.4,13.5,26.5,0.1,0.2
2026-05-29 09:23:55,352.2,5.1,41.5,26.8,40.0,19.5,30.7,15.3,27.2,26.5,26.4,26.4,26.9,13.5,26.2,0.1,0.2
2026-05-29 09:23:55,352.4,5.1,42.4,28.1,38.7,19.5,30.4,15.2,26.4,26.8,26.7,26.5,26.4,13.4,26.7,0.1,0.2
2026-05-29 09:23:56,353.2,5.1,41.7,29.2,39.1,19.7,30.3,15.6,26.6,26.5,26.4,26.9,26.4,13.4,26.1,0.1,0.2
2026-05-29 09:23:56,353.7,5.2,41.3,27.5,39.8,20.3,30.3,15.8,26.7,27.1,26.5,26.4,26.6,13.7,26.2,0.1,0.2
2026-05-29 09:23:56,350.9,5.1,41.7,27.1,39.4,19.2,30.7,15.2,26.4,26.4,26.9,26.5,26.3,13.4,26.1,0.1,0.2
2026-05-29 09:23:57,353.2,5.1,40.9,27.5,40.5,19.2,30.9,15.2,27.3,26.6,26.4,26.6,27.0,13.5,26.1,0.1,0.2
2026-05-29 09:23:57,351.9,5.0,42.1,27.4,38.9,19.6,30.7,15.2,26.4,26.4,26.8,26.4,26.4,13.5,26.7,0.1,0.2
2026-05-29 09:23:58,353.2,5.1,41.5,27.2,40.1,19.3,31.2,15.8,26.5,26.4,26.4,27.2,26.5,13.6,26.2,0.1,0.2
2026-05-29 09:23:58,353.0,5.0,41.4,27.1,38.3,21.3,30.8,15.9,26.5,26.9,26.5,26.4,26.4,13.8,26.2,0.1,0.2
2026-05-29 09:23:59,351.5,5.1,41.8,27.5,39.2,19.0,30.7,15.2,26.4,26.5,26.6,27.1,26.5,13.4,26.1,0.1,0.2
2026-05-29 09:23:59,350.8,5.1,41.3,27.6,39.3,19.2,30.1,15.1,27.1,26.6,26.4,26.4,26.8,13.5,26.2,0.1,0.2
2026-05-29 09:24:00,352.2,5.1,41.9,27.8,39.2,19.2,30.6,15.2,26.4,26.5,26.9,26.5,26.3,13.4,27.0,0.1,0.2
2026-05-29 09:24:00,351.1,5.1,41.7,26.9,39.4,19.4,30.1,15.0,26.9,26.5,26.5,26.9,26.7,13.5,26.2,0.1,0.2
2026-05-29 09:24:01,351.0,5.3,41.3,26.8,39.4,19.7,30.3,15.1,26.4,26.6,26.6,26.5,26.4,13.7,26.4,0.1,0.2
2026-05-29 09:24:01,355.0,5.1,41.7,27.9,39.9,19.6,31.1,15.4,26.4,27.6,26.7,26.5,27.2,13.6,26.1,0.1,0.2
2026-05-29 09:24:02,352.4,5.1,41.5,26.8,40.4,19.2,31.2,15.2,26.9,26.5,26.4,26.4,26.8,13.6,26.2,0.1,0.2
2026-05-29 09:24:02,354.3,5.1,42.1,27.6,38.6,19.5,32.5,15.3,26.4,27.4,26.7,26.4,26.4,13.4,26.6,0.1,0.2
2026-05-29 09:24:03,353.0,5.1,41.5,28.5,39.0,20.0,31.3,15.4,26.4,26.4,26.4,26.8,26.4,13.4,26.1,0.1,0.2
2026-05-29 09:24:03,352.8,5.2,41.3,27.1,39.9,19.6,30.7,16.0,26.8,26.6,26.5,26.4,26.6,13.7,26.2,0.1,0.2
2026-05-29 09:24:04,352.5,5.1,41.9,28.3,39.5,19.0,30.7,15.1,26.5,26.5,26.9,26.5,26.4,13.4,26.4,0.1,0.2
2026-05-29 09:24:04,353.2,5.0,41.3,27.6,39.5,19.2,30.1,15.1,28.2,26.7,27.1,26.5,26.8,13.5,26.1,0.1,0.2
2026-05-29 09:24:04,352.0,5.0,42.0,27.3,39.6,19.6,30.4,15.1,26.4,26.7,26.5,26.5,26.3,13.4,26.8,0.1,0.2
2026-05-29 09:24:05,353.6,5.1,41.3,27.6,39.3,20.2,30.3,15.9,26.5,27.1,26.6,27.1,26.5,13.4,26.1,0.1,0.2
2026-05-29 09:24:05,354.8,5.0,41.3,27.4,39.2,21.8,30.4,15.8,26.6,26.9,26.5,26.4,27.5,13.6,26.1,0.1,0.2
2026-05-29 09:24:06,354.3,5.1,41.7,26.9,38.7,19.1,31.7,15.3,26.8,26.8,27.6,26.6,27.3,13.7,26.7,0.1,0.2
2026-05-29 09:24:06,352.0,5.0,41.3,26.9,40.1,19.2,31.1,15.2,27.1,26.6,26.4,26.6,26.6,13.5,26.1,0.1,0.2
2026-05-29 09:24:07,351.5,5.8,41.3,27.3,38.4,19.6,30.6,15.2,26.4,26.9,26.5,26.4,26.4,13.4,27.0,0.1,0.2
2026-05-29 09:24:07,352.6,5.1,41.2,28.9,38.4,19.8,30.9,15.6,26.5,26.4,26.4,27.1,26.5,13.4,26.1,0.1,0.2
2026-05-29 09:24:08,352.9,5.2,41.7,27.3,39.0,18.9,30.2,15.1,26.4,27.8,26.6,27.0,26.8,14.4,26.3,0.1,0.2
2026-05-29 09:24:08,351.6,5.0,41.9,27.5,39.3,19.1,30.6,15.2,26.4,26.5,26.7,26.7,26.4,13.4,26.6,0.1,0.2
2026-05-29 09:24:09,353.0,5.2,41.1,27.9,39.1,20.8,30.3,15.1,27.2,26.6,26.5,26.4,26.8,13.5,26.1,0.1,0.2
2026-05-29 09:24:09,352.5,5.0,42.6,27.9,39.1,19.6,30.2,15.1,26.4,26.7,26.6,26.6,26.4,13.4,26.6,0.1,0.2
2026-05-29 09:24:10,352.6,5.1,41.5,28.5,39.3,19.8,30.3,15.6,26.5,26.4,26.3,26.8,26.4,13.5,26.1,0.1,0.2
2026-05-29 09:24:10,353.6,5.1,41.8,27.2,39.3,20.8,30.5,15.5,26.7,27.0,26.5,26.4,26.4,13.8,26.3,0.1,0.2
2026-05-29 09:24:11,351.6,5.0,41.7,27.0,39.0,19.4,31.7,15.3,26.4,26.4,26.7,26.6,26.4,13.4,26.1,0.1,0.2
2026-05-29 09:24:11,352.8,5.1,41.2,27.1,39.4,19.3,32.1,15.3,27.2,26.5,26.4,26.4,26.8,13.5,26.1,0.1,0.2
2026-05-29 09:24:12,352.4,5.1,41.8,27.3,38.7,19.2,31.8,15.4,26.5,26.4,27.0,26.5,26.4,13.4,26.6,0.1,0.2
2026-05-29 09:24:12,353.3,5.1,41.8,28.0,39.0,19.0,30.1,15.3,27.9,26.7,27.1,27.1,26.4,13.4,26.2,0.1,0.2
2026-05-29 09:24:12,354.0,5.0,41.5,27.7,38.6,21.0,30.3,15.5,26.8,27.0,26.6,26.4,26.3,14.3,26.7,0.1,0.2
2026-05-29 09:24:13,353.4,5.0,41.4,29.3,39.1,19.5,30.7,15.1,26.4,26.4,26.8,27.2,26.5,13.4,26.1,0.1,0.2
2026-05-29 09:24:13,352.8,5.0,41.3,27.3,40.5,19.3,30.4,15.6,26.9,26.8,26.4,26.4,26.9,13.5,26.1,0.1,0.2
2026-05-29 09:24:14,353.2,5.0,42.2,26.9,39.3,19.3,30.9,15.2,26.4,26.4,27.6,26.5,26.4,13.5,27.2,0.1,0.2
2026-05-29 09:24:14,353.0,5.0,41.3,27.1,40.8,19.3,31.1,15.6,26.6,26.4,26.4,26.7,26.7,13.5,26.1,0.1,0.2
2026-05-29 09:24:15,351.8,6.0,41.1,27.4,38.4,19.7,30.6,15.2,26.4,26.7,26.7,26.4,26.4,13.7,26.8,0.1,0.2
2026-05-29 09:24:15,352.9,5.1,41.5,28.6,38.7,19.9,31.0,15.6,26.5,26.4,26.4,26.8,26.5,13.4,26.2,0.1,0.2
2026-05-29 09:24:16,351.1,5.1,41.5,26.8,38.8,19.3,30.5,15.2,27.0,26.5,26.4,26.3,27.8,13.6,26.2,0.1,0.2
2026-05-29 09:24:16,351.5,5.1,41.9,27.8,39.0,19.0,30.7,15.1,26.4,26.5,26.9,26.5,26.4,13.4,26.6,0.1,0.2
2026-05-29 09:24:17,351.7,5.2,41.1,28.7,39.4,19.1,30.1,15.4,26.6,26.5,26.5,26.9,26.4,13.4,26.1,0.1,0.2
2026-05-29 09:24:17,353.4,5.1,42.4,27.2,38.6,20.8,30.3,15.5,26.8,27.0,26.5,26.5,26.4,13.9,26.2,0.1,0.2
2026-05-29 09:24:18,351.1,5.2,41.7,27.2,39.5,19.2,30.7,15.1,26.4,26.4,26.4,26.8,26.4,13.5,26.2,0.1,0.2
2026-05-29 09:24:18,352.8,5.1,40.8,27.5,40.5,19.7,30.2,15.8,26.9,26.7,26.4,26.4,26.8,13.5,26.2,0.1,0.2
2026-05-29 09:24:19,352.4,5.0,41.8,26.9,39.4,19.4,31.7,15.3,26.4,26.4,26.9,26.5,26.4,13.4,26.6,0.1,0.2
2026-05-29 09:24:19,352.8,5.1,41.5,26.8,38.9,19.2,30.7,15.2,28.3,26.6,27.1,26.8,26.6,13.5,26.1,0.1,0.2
2026-05-29 09:24:20,351.7,6.0,41.1,27.4,38.4,19.7,30.6,15.3,26.5,27.0,26.6,26.3,26.4,13.7,26.4,0.1,0.2
2026-05-29 09:24:20,353.4,5.1,41.6,29.0,39.1,19.0,30.7,15.8,26.7,26.6,26.4,27.0,26.5,13.4,26.1,0.1,0.2
2026-05-29 09:24:20,354.4,5.0,41.3,28.0,40.6,19.1,30.5,15.4,26.8,26.7,26.6,26.5,27.3,13.9,26.2,0.1,0.2
2026-05-29 09:24:21,351.1,5.1,41.8,27.5,38.9,19.0,30.6,15.1,26.4,26.4,26.8,26.5,26.4,13.4,26.9,0.1,0.2
2026-05-29 09:24:21,352.8,5.1,41.7,27.6,40.2,19.3,30.8,15.5,26.6,26.5,26.4,26.8,26.6,13.5,26.1,0.1,0.2
2026-05-29 09:24:22,352.6,5.1,41.7,27.0,38.7,20.9,30.3,15.1,27.1,27.1,26.5,26.4,26.5,13.8,26.2,0.1,0.2
2026-05-29 09:24:22,352.4,5.1,41.3,29.0,39.0,19.8,30.9,15.1,26.4,26.4,26.4,26.8,26.4,13.4,26.2,0.1,0.2
2026-05-29 09:24:23,351.8,5.0,41.3,26.9,38.6,19.1,30.5,15.1,26.4,27.6,26.6,27.0,27.7,13.6,26.1,0.1,0.2
2026-05-29 09:24:23,351.6,5.1,42.2,26.9,39.0,19.2,31.0,15.4,26.4,26.4,26.9,26.5,26.4,13.4,26.6,0.1,0.2
2026-05-29 09:24:24,352.4,5.1,41.5,26.8,40.0,19.3,31.2,15.3,27.0,26.5,26.4,26.6,26.6,13.5,26.1,0.1,0.2
2026-05-29 09:24:24,352.5,6.0,41.5,28.2,38.8,19.4,30.2,15.1,26.3,27.1,26.5,26.4,26.4,13.7,26.4,0.1,0.2
2026-05-29 09:24:25,354.1,5.2,41.2,28.1,38.7,19.1,30.4,16.2,26.7,26.7,26.8,27.7,26.5,13.4,26.9,0.1,0.2
2026-05-29 09:24:25,351.0,5.4,41.0,28.0,39.2,19.1,30.1,15.1,26.8,26.5,26.4,26.5,26.9,13.5,26.2,0.1,0.2
2026-05-29 09:24:26,352.4,5.1,41.9,28.3,39.3,19.0,30.7,15.1,26.4,26.4,26.8,26.5,26.4,13.5,26.6,0.1,0.2
2026-05-29 09:24:26,352.7,5.1,41.6,27.5,40.3,19.3,30.8,15.5,26.7,26.5,26.3,26.8,26.4,13.4,26.2,0.1,0.2
2026-05-29 09:24:27,353.7,5.0,41.7,26.9,38.7,20.9,30.4,15.6,26.9,27.7,26.6,26.4,26.3,13.9,26.2,0.1,0.2
2026-05-29 09:24:27,351.5,5.0,41.7,27.0,39.2,19.4,31.4,15.2,26.4,26.4,26.4,26.9,26.5,13.4,26.1,0.1,0.2
2026-05-29 09:24:28,352.7,5.1,41.5,26.8,40.1,19.4,30.8,15.7,27.0,26.5,26.5,26.4,26.9,13.5,26.1,0.1,0.2
2026-05-29 09:24:28,352.1,5.1,41.8,27.3,38.6,19.2,31.1,15.3,26.6,26.4,27.3,26.5,26.3,13.4,26.7,0.1,0.2
2026-05-29 09:24:28,354.1,5.1,41.6,27.6,40.4,19.1,30.8,15.2,26.9,26.5,26.5,26.8,27.5,13.6,26.1,0.1,0.2
2026-05-29 09:24:29,352.5,5.8,41.7,27.9,38.7,19.6,30.2,15.1,26.4,26.8,26.6,26.5,26.4,13.4,27.1,0.1,0.2
2026-05-29 09:24:29,353.6,5.1,41.4,29.6,39.2,19.8,30.6,15.3,26.4,26.4,26.4,26.8,26.5,13.5,26.2,0.1,0.2
2026-05-29 09:24:30,353.3,5.0,41.3,27.2,40.6,19.3,30.5,15.4,26.8,26.7,26.4,26.4,26.7,14.3,26.2,0.1,0.2
2026-05-29 09:24:30,351.4,5.0,41.8,26.9,39.7,19.3,30.7,15.2,26.4,26.4,26.8,26.5,26.3,13.4,26.4,0.1,0.2
2026-05-29 09:24:31,352.3,5.1,41.5,26.9,40.5,19.2,31.1,15.2,26.9,26.5,26.4,26.4,26.8,13.5,26.1,0.1,0.2
2026-05-29 09:24:31,351.4,5.1,42.0,27.5,38.4,19.5,30.7,15.3,26.4,26.7,26.7,26.5,26.4,13.4,26.6,0.1,0.2
2026-05-29 09:24:32,352.4,5.1,41.6,27.2,39.7,19.3,31.1,15.8,26.6,26.4,26.4,26.8,26.4,13.4,26.1,0.1,0.2
2026-05-29 09:24:32,353.0,5.5,41.5,26.8,40.4,19.3,30.9,15.6,26.9,26.6,26.4,26.4,26.8,13.5,26.1,0.1,0.2
2026-05-29 09:24:33,351.6,5.1,42.0,27.6,39.1,19.0,30.7,15.1,26.3,26.4,26.9,26.5,26.4,13.4,26.6,0.1,0.2
2026-05-29 09:24:33,352.4,5.2,41.0,28.2,39.6,19.1,30.1,15.1,26.9,26.5,26.4,26.8,27.5,13.6,26.1,0.1,0.2
2026-05-29 09:24:34,352.1,6.0,41.1,28.1,38.7,19.7,30.2,15.1,26.4,27.0,26.5,26.4,26.4,13.5,26.7,0.1,0.2
2026-05-29 09:24:34,352.1,5.1,41.6,27.6,39.8,19.2,30.4,15.7,26.5,26.4,26.3,27.0,26.4,13.4,26.2,0.1,0.2
2026-05-29 09:24:35,351.5,5.1,40.9,27.5,39.3,19.5,30.2,15.1,26.4,27.7,26.5,26.4,26.7,13.7,26.2,0.1,0.2
2026-05-29 09:24:35,351.9,5.1,41.8,26.9,39.3,19.4,31.4,15.2,26.4,26.4,27.0,26.5,26.4,13.4,26.4,0.1,0.2
2026-05-29 09:24:36,352.8,5.1,41.2,27.1,40.4,19.3,31.2,15.4,27.0,26.5,26.4,26.4,26.9,13.6,26.1,0.1,0.2
2026-05-29 09:24:36,352.0,5.0,42.0,27.5,38.3,19.7,30.5,15.2,26.5,26.8,27.1,26.5,26.4,13.4,26.7,0.1,0.2
2026-05-29 09:24:37,353.4,5.1,41.5,28.3,38.8,19.9,30.6,15.8,26.5,26.4,26.6,27.6,26.5,13.4,26.1,0.1,0.2
2026-05-29 09:24:37,354.8,5.0,41.9,28.0,40.0,19.8,30.3,15.8,26.5,27.0,26.6,26.5,26.7,14.1,26.3,0.1,0.2
2026-05-29 09:24:37,352.4,5.1,42.0,28.0,39.2,19.1,30.6,15.2,26.4,26.4,26.8,26.6,26.4,13.4,27.1,0.1,0.2
2026-05-29 09:24:38,354.4,5.1,41.6,27.5,39.2,19.2,30.1,15.0,27.9,26.6,27.0,26.8,27.5,13.7,26.9,0.1,0.2
2026-05-29 09:24:38,351.0,5.1,41.0,28.2,39.2,19.4,30.2,15.1,26.4,26.8,26.4,26.4,26.3,13.9,26.3,0.1,0.2
2026-05-29 09:24:39,351.4,5.1,41.8,27.3,39.5,19.3,30.7,15.2,26.4,26.4,26.6,26.7,26.4,13.4,26.3,0.1,0.2
2026-05-29 09:24:39,352.7,5.1,41.5,27.3,40.6,19.3,30.9,15.2,26.9,26.5,26.4,26.4,26.8,13.5,26.1,0.1,0.2
2026-05-29 09:24:40,351.6,5.0,41.8,27.6,38.7,19.2,31.0,15.3,26.4,26.4,26.9,26.5,26.4,13.4,26.6,0.1,0.2
2026-05-29 09:24:40,353.5,5.1,41.2,27.1,40.6,19.3,31.1,15.5,27.5,26.6,26.4,26.9,26.4,13.4,26.1,0.1,0.2
2026-05-29 09:24:41,353.6,5.0,41.6,27.3,38.7,21.0,30.8,15.6,26.9,27.0,26.6,26.4,26.3,13.7,26.4,0.1,0.2
2026-05-29 09:24:41,352.8,5.0,41.4,29.1,38.4,19.9,30.9,15.5,26.4,26.4,26.4,26.9,26.5,13.4,26.1,0.1,0.2
2026-05-29 09:24:42,353.2,5.1,41.8,27.4,38.9,20.5,30.3,15.8,26.8,26.7,26.5,26.4,27.0,13.5,26.2,0.1,0.2
2026-05-29 09:24:42,352.8,5.0,42.0,27.7,39.6,19.1,31.0,15.2,26.4,26.4,26.9,26.5,26.3,13.5,26.7,0.1,0.2
2026-05-29 09:24:43,353.9,5.1,41.6,27.2,39.1,19.2,30.1,15.0,28.0,26.6,27.0,26.8,27.4,13.6,26.9,0.1,0.2
2026-05-29 09:24:43,352.3,5.7,41.4,27.9,39.0,19.7,30.3,15.1,26.4,27.1,26.5,26.4,26.3,13.4,26.7,0.1,0.2
2026-05-29 09:24:44,353.1,5.1,41.5,28.5,39.6,19.8,30.8,15.4,26.5,26.4,26.4,26.9,26.4,13.4,26.1,0.1,0.2
2026-05-29 09:24:44,353.6,5.2,41.4,27.2,40.2,19.6,30.4,15.9,27.0,26.7,26.4,26.4,26.6,14.1,26.3,0.1,0.2
2026-05-29 09:24:45,352.0,5.0,41.8,26.9,39.0,19.2,31.0,15.3,26.4,26.5,27.3,26.9,26.4,13.4,26.5,0.1,0.2
2026-05-29 09:24:45,353.6,5.1,41.2,27.1,40.3,19.4,31.3,15.3,26.9,26.4,26.7,26.4,27.3,13.6,26.2,0.1,0.2
2026-05-29 09:24:45,351.9,5.0,42.0,27.3,39.6,19.4,30.4,15.1,26.3,26.7,26.6,26.6,26.4,13.4,26.6,0.1,0.2
2026-05-29 09:24:46,353.5,5.1,41.7,28.0,40.5,19.1,30.8,15.7,26.5,26.4,26.4,26.8,26.6,13.5,26.2,0.1,0.2
2026-05-29 09:24:46,353.3,5.0,41.4,27.5,39.2,19.7,31.2,15.2,27.1,27.1,26.5,26.4,26.3,13.9,26.4,0.1,0.2
2026-05-29 09:24:47,350.9,5.0,41.7,27.1,39.4,19.4,30.7,15.2,26.4,26.4,26.6,26.6,26.4,13.4,26.1,0.1,0.2
2026-05-29 09:24:47,353.2,5.1,41.5,26.9,40.5,19.2,31.0,15.2,26.9,26.5,26.4,26.4,27.6,13.6,26.1,0.1,0.2
2026-05-29 09:24:48,353.7,5.0,41.8,26.9,39.1,19.2,30.9,15.2,26.6,26.4,27.9,26.6,26.7,14.2,26.7,0.1,0.2
2026-05-29 09:24:48,352.4,5.0,41.3,27.5,39.8,19.3,31.1,15.6,26.7,26.5,26.4,26.9,26.4,13.4,26.1,0.1,0.2
2026-05-29 09:24:49,350.9,5.0,41.0,27.6,38.4,19.8,30.6,15.2,26.4,26.8,26.6,26.5,26.4,13.8,26.5,0.1,0.2
2026-05-29 09:24:49,351.8,5.2,41.8,27.5,39.2,19.0,31.0,15.2,26.4,26.5,26.3,27.1,26.5,13.4,26.1,0.1,0.2
2026-05-29 09:24:50,352.9,5.1,41.6,27.4,40.4,19.2,30.8,15.2,26.9,26.5,26.4,26.4,26.9,13.6,26.2,0.1,0.2
2026-05-29 09:24:50,353.1,5.0,41.9,28.1,39.5,19.1,31.0,15.2,26.4,26.4,27.0,26.5,26.3,13.4,26.7,0.1,0.2
2026-05-29 09:24:51,352.6,5.0,41.3,27.2,40.6,19.6,30.1,15.7,27.1,26.5,26.4,26.6,26.6,13.5,26.1,0.1,0.2
2026-05-29 09:24:51,352.5,6.0,41.1,27.6,39.0,19.8,30.4,15.1,26.4,27.3,26.5,26.4,26.3,13.8,26.4,0.1,0.2
2026-05-29 09:24:52,350.3,5.3,40.9,27.7,38.7,19.1,30.6,15.5,26.5,26.4,26.4,26.9,26.5,13.4,26.1,0.1,0.2
2026-05-29 09:24:52,353.3,5.1,41.5,26.8,40.3,19.3,30.8,15.5,27.0,26.8,26.4,26.4,26.6,14.1,26.3,0.1,0.2
2026-05-29 09:24:53,351.9,5.0,41.8,26.9,38.9,19.3,31.1,15.3,26.4,26.4,27.7,26.6,26.3,13.4,26.5,0.1,0.2
2026-05-29 09:24:53,353.4,5.1,41.7,27.7,40.5,19.1,30.8,15.2,26.9,26.6,26.5,26.5,26.9,13.5,26.1,0.1,0.2
2026-05-29 09:24:53,351.8,5.0,42.1,28.1,38.7,19.6,30.2,15.1,26.4,26.7,26.6,26.4,26.5,13.4,26.6,0.1,0.2
2026-05-29 09:24:54,353.2,5.1,41.6,29.4,38.8,19.9,30.3,15.6,26.5,26.4,26.4,26.9,26.6,13.5,26.2,0.1,0.2
2026-05-29 09:24:54,353.3,5.2,41.8,27.3,40.4,19.6,30.2,15.8,26.5,27.0,26.4,26.4,26.6,13.7,26.2,0.1,0.2
2026-05-29 09:24:55,351.5,5.1,41.8,27.4,39.1,19.2,30.7,15.2,26.5,26.5,26.9,26.5,26.3,13.4,26.6,0.1,0.2
2026-05-29 09:24:55,352.5,5.1,41.6,26.9,40.4,19.4,31.0,15.2,27.0,26.5,26.4,26.7,26.6,13.5,26.1,0.1,0.2
2026-05-29 09:24:56,351.6,6.0,41.1,27.4,38.8,19.6,30.4,15.1,26.4,26.9,26.5,26.4,26.4,13.4,26.8,0.1,0.2
2026-05-29 09:24:56,352.6,5.1,41.5,28.6,38.7,19.3,31.3,15.5,26.4,26.5,26.4,26.8,26.5,13.4,26.1,0.1,0.2
2026-05-29 09:24:57,352.8,5.1,40.8,27.6,40.2,19.3,30.9,15.6,26.8,26.6,26.6,26.4,26.8,13.5,26.2,0.1,0.2
2026-05-29 09:24:57,352.1,5.2,42.1,27.4,39.3,19.0,31.1,15.2,26.3,26.4,27.0,26.5,26.4,13.4,26.4,0.1,0.2
2026-05-29 09:24:58,353.0,5.1,41.3,27.7,40.6,19.3,30.8,15.2,26.9,26.5,26.4,26.4,26.9,13.5,26.1,0.1,0.2
2026-05-29 09:24:58,352.6,5.0,42.0,28.2,38.8,19.5,30.4,15.1,26.4,26.6,27.0,26.5,26.3,13.4,26.9,0.1,0.2
2026-05-29 09:24:59,352.5,5.0,41.3,29.2,39.1,19.3,30.1,15.6,26.8,26.4,26.3,26.9,26.4,13.4,26.1,0.1,0.2
2026-05-29 09:24:59,354.0,5.2,41.5,27.2,40.0,20.3,30.4,15.8,26.5,26.9,26.5,26.4,26.6,14.1,26.3,0.1,0.2
2026-05-29 09:25:00,351.5,5.1,41.8,26.9,39.4,19.4,30.7,15.3,26.5,26.4,26.9,26.5,26.4,13.4,26.6,0.1,0.2
2026-05-29 09:25:00,352.8,5.1,41.5,26.9,40.5,19.2,31.1,15.4,27.1,26.5,26.4,26.6,26.6,13.5,26.1,0.1,0.2
2026-05-29 09:25:00,352.1,5.0,41.8,27.6,38.5,19.6,30.6,15.1,26.4,27.0,26.5,26.4,26.4,13.4,27.4,0.1,0.2
2026-05-29 09:25:01,353.8,5.1,41.5,28.6,38.4,20.0,31.0,16.2,26.6,26.4,26.6,27.0,26.5,13.4,26.1,0.1,0.2
2026-05-29 09:25:01,353.7,5.2,41.4,27.2,40.2,20.0,30.5,15.9,27.0,26.5,26.4,26.5,26.9,13.5,26.1,0.1,0.2
2026-05-29 09:25:02,352.5,5.1,41.0,27.6,38.3,19.2,31.8,15.4,26.5,26.4,27.0,26.7,26.5,13.4,27.2,0.1,0.2
2026-05-29 09:25:02,350.6,5.5,40.8,27.7,38.7,19.2,30.5,15.7,26.5,26.4,26.4,26.8,26.4,13.4,26.3,0.1,0.2
2026-05-29 09:25:03,353.9,5.2,41.7,27.6,40.4,19.4,30.2,16.0,26.5,27.0,26.5,26.5,26.7,13.7,26.4,0.1,0.2
2026-05-29 09:25:03,351.6,5.0,41.9,27.8,39.4,19.2,30.8,15.2,26.4,26.4,26.8,26.5,26.3,13.4,26.1,0.1,0.2
2026-05-29 09:25:04,351.2,5.1,40.9,27.8,39.3,19.2,30.1,15.1,26.9,26.5,26.4,26.4,27.6,13.6,26.2,0.1,0.2
2026-05-29 09:25:04,352.0,5.1,41.9,27.3,39.2,19.4,30.8,15.2,26.5,26.8,26.6,26.5,26.3,13.4,26.6,0.1,0.2
2026-05-29 09:25:05,353.4,5.1,41.2,27.5,39.7,19.3,30.3,16.5,26.7,26.5,27.2,27.0,26.5,13.4,26.1,0.1,0.2
2026-05-29 09:25:05,353.4,5.1,41.5,26.9,40.5,19.4,30.6,15.5,26.8,27.1,26.6,26.4,26.7,13.7,26.2,0.1,0.2
2026-05-29 09:25:06,351.9,5.0,41.7,27.6,39.4,19.2,31.0,15.2,26.4,26.4,26.8,26.5,26.4,13.4,26.4,0.1,0.2
2026-05-29 09:25:06,355.5,5.1,41.8,26.9,40.2,19.3,31.2,15.3,27.6,26.6,27.1,26.8,27.5,13.6,26.2,0.1,0.2
2026-05-29 09:25:07,350.9,5.4,41.2,26.8,38.5,19.8,30.9,15.2,26.4,26.9,26.5,26.3,26.4,13.7,26.5,0.1,0.2
2026-05-29 09:25:07,351.5,5.1,41.7,27.0,39.2,19.3,31.1,15.4,26.4,26.4,26.4,27.2,26.5,13.4,26.1,0.1,0.2
2026-05-29 09:25:08,353.9,5.1,41.7,27.3,39.1,19.0,30.3,15.1,27.2,27.7,26.5,27.0,27.8,13.6,26.2,0.1,0.2
2026-05-29 09:25:08,352.3,5.1,41.9,28.1,38.7,19.2,30.7,15.1,26.4,26.9,26.7,26.4,26.4,13.4,27.0,0.1,0.2
2026-05-29 09:25:09,354.4,5.1,41.4,28.8,39.9,19.5,30.5,15.6,26.6,26.5,26.4,27.3,26.8,13.5,26.2,0.1,0.2
2026-05-29 09:25:09,353.7,5.1,41.6,27.6,40.2,19.5,30.2,15.8,27.0,26.8,26.4,26.4,27.0,13.5,26.2,0.1,0.2
2026-05-29 09:25:10,353.2,5.1,41.9,28.6,38.9,19.4,30.4,15.1,26.4,26.5,27.6,26.6,26.3,13.4,26.7,0.1,0.2
2026-05-29 09:25:10,354.2,5.1,41.3,27.3,39.3,19.2,30.1,15.3,27.7,26.6,27.2,27.8,26.5,13.4,27.0,0.1,0.2
2026-05-29 09:25:10,353.9,5.2,41.7,27.3,40.4,19.2,30.4,15.5,26.8,26.7,26.4,26.5,26.6,14.4,26.3,0.1,0.2
2026-05-29 09:25:11,351.7,5.3,42.0,27.1,39.3,19.2,30.7,15.2,26.4,26.4,26.8,26.5,26.6,13.4,26.4,0.1,0.2
2026-05-29 09:25:11,352.5,5.1,41.3,27.2,40.7,19.2,30.9,15.2,26.9,26.5,26.4,26.4,26.8,13.5,26.3,0.1,0.2
2026-05-29 09:25:12,351.5,5.0,42.0,27.6,38.6,19.7,30.5,15.1,26.4,26.7,26.6,26.4,26.4,13.4,26.7,0.1,0.2
2026-05-29 09:25:12,353.1,5.1,41.5,27.2,40.6,19.3,31.2,15.8,26.4,26.4,26.4,26.8,26.4,13.4,26.1,0.1,0.2
2026-05-29 09:25:13,354.0,5.0,41.6,27.5,38.7,21.4,30.7,16.0,26.5,26.9,26.5,26.4,26.6,13.7,26.2,0.1,0.2
2026-05-29 09:25:13,352.1,5.1,41.8,26.9,39.0,19.5,31.4,15.4,26.5,26.4,27.0,26.5,26.3,13.4,26.6,0.1,0.2
2026-05-29 09:25:14,352.7,5.1,41.6,27.3,40.3,19.1,30.8,15.2,26.9,26.7,26.4,26.7,26.6,13.5,26.2,0.1,0.2
2026-05-29 09:25:14,351.3,5.1,41.5,27.6,38.6,19.7,30.3,15.1,26.3,27.3,26.6,26.4,26.3,13.4,26.7,0.1,0.2
2026-05-29 09:25:15,351.4,5.1,41.4,28.0,39.6,19.2,30.1,15.6,26.5,26.4,26.4,26.9,26.4,13.4,26.1,0.1,0.2
2026-05-29 09:25:15,354.2,5.2,41.7,27.0,39.7,20.4,30.2,15.3,26.9,26.6,27.1,26.5,26.7,14.2,26.3,0.2,0.2
2026-05-29 09:25:16,352.7,5.1,42.0,27.0,39.6,19.4,31.4,15.2,26.4,26.4,26.9,26.5,26.3,13.4,26.5,0.4,0.2
2026-05-29 09:25:16,352.9,5.2,41.5,27.9,39.3,19.9,30.3,15.4,26.7,26.5,26.4,26.8,27.1,13.5,26.1,0.1,0.2
2026-05-29 09:25:17,352.8,5.1,41.6,27.2,39.5,19.4,30.8,15.2,27.2,27.3,26.5,26.4,26.4,13.7,26.4,0.1,0.2
2026-05-29 09:25:17,352.7,5.0,41.3,28.9,38.5,19.9,31.0,15.6,26.4,26.4,26.4,26.9,26.5,13.4,26.2,0.1,0.2
2026-05-29 09:25:17,352.0,5.0,41.2,26.9,39.8,19.3,30.9,15.6,26.9,26.7,26.5,26.4,26.8,13.5,26.1,0.1,0.2
2026-05-29 09:25:18,352.2,5.1,41.6,28.0,39.4,19.1,30.6,15.1,26.3,26.6,27.0,26.5,26.4,13.4,26.7,0.1,0.2
2026-05-29 09:25:18,353.9,5.1,41.5,27.6,40.4,19.2,30.9,15.2,26.9,26.5,26.4,26.8,27.4,13.6,26.2,0.1,0.2
2026-05-29 09:25:19,352.1,5.0,42.0,27.4,39.6,19.5,30.4,15.1,26.4,26.6,26.6,26.6,26.4,13.5,26.7,0.1,0.2
2026-05-29 09:25:19,353.0,5.1,41.5,28.5,39.6,19.2,31.1,15.4,26.4,26.4,26.3,26.8,26.4,13.5,26.2,0.1,0.2
2026-05-29 09:25:20,353.3,5.2,41.3,27.2,40.3,19.8,30.2,16.1,26.9,26.7,26.4,26.4,26.6,13.7,26.3,0.1,0.2
2026-05-29 09:25:20,351.8,5.0,41.8,27.0,39.3,19.2,31.4,15.2,26.4,26.4,27.0,26.5,26.4,13.4,26.4,0.1,0.2
2026-05-29 09:25:21,351.1,5.9,41.0,27.4,39.0,19.3,30.4,15.3,26.9,26.5,26.4,26.4,26.8,13.5,26.1,0.1,0.2
2026-05-29 09:25:21,352.1,5.1,41.9,27.5,38.3,19.5,31.3,15.2,26.5,26.8,26.7,26.4,26.4,13.4,26.6,0.1,0.2
2026-05-29 09:25:22,355.9,5.1,41.4,28.2,39.9,19.0,30.2,16.7,26.7,26.7,26.9,27.6,26.6,13.4,27.2,0.1,0.2
2026-05-29 09:25:22,355.4,5.1,41.8,27.3,39.0,20.9,30.7,15.1,28.0,27.4,26.6,26.4,26.8,13.7,26.2,0.1,0.2
2026-05-29 09:25:23,351.6,5.1,42.2,27.4,39.2,19.3,30.4,15.1,26.3,26.4,26.8,26.5,26.4,13.4,26.6,0.1,0.2
2026-05-29 09:25:23,354.1,5.1,41.9,27.8,40.4,19.5,30.5,15.7,26.5,26.4,26.4,27.4,26.6,13.4,26.1,0.1,0.2
2026-05-29 09:25:24,353.6,5.2,41.8,27.7,40.2,19.4,30.1,15.9,26.9,26.7,26.4,26.4,26.6,13.8,26.2,0.1,0.2
2026-05-29 09:25:24,352.2,5.0,41.9,27.4,39.9,19.3,30.7,15.1,26.4,26.4,26.8,26.5,26.4,13.5,26.6,0.1,0.2
2026-05-29 09:25:25,352.4,5.1,41.3,27.4,40.7,19.3,30.3,15.1,27.2,26.6,26.3,26.4,26.8,13.5,26.1,0.1,0.2
2026-05-29 09:25:25,351.7,5.1,42.0,27.8,38.8,19.7,30.5,15.1,26.4,26.7,26.7,26.5,26.3,13.4,26.6,0.1,0.2
2026-05-29 09:25:26,352.1,5.3,41.2,28.4,39.4,19.3,30.4,15.6,26.6,26.4,26.4,26.9,26.5,13.4,26.1,0.1,0.2
2026-05-29 09:25:26,353.0,5.1,41.4,27.2,38.7,20.9,30.6,15.8,26.7,27.0,26.5,26.4,26.4,13.7,26.4,0.1,0.2
2026-05-29 09:25:26,351.6,5.0,41.7,27.0,38.9,19.3,31.0,15.3,26.4,26.4,26.8,27.5,26.5,13.4,26.1,0.1,0.2
2026-05-29 09:25:27,352.8,5.1,41.6,26.8,40.2,19.3,31.2,15.4,26.9,26.4,26.6,26.5,26.9,13.5,26.2,0.1,0.2
2026-05-29 09:25:27,352.7,5.0,42.7,27.6,39.3,19.4,30.4,15.1,26.4,26.4,26.8,26.5,26.5,13.4,26.7,0.1,0.2
2026-05-29 09:25:28,353.6,5.1,41.1,28.0,41.0,19.6,30.5,15.6,26.5,26.4,26.4,26.8,26.4,13.6,26.2,0.1,0.2
2026-05-29 09:25:28,353.1,5.0,41.4,27.5,38.9,21.1,30.3,15.8,26.5,26.9,26.5,26.4,26.3,13.9,26.2,0.1,0.2
2026-05-29 09:25:29,351.8,5.1,41.9,27.4,39.7,19.2,30.8,15.2,26.4,26.4,26.6,26.7,26.4,13.4,26.1,0.1,0.2
2026-05-29 09:25:29,353.1,5.1,41.5,26.9,40.3,19.4,30.7,15.6,27.4,26.6,26.4,26.3,27.0,13.5,26.1,0.1,0.2
2026-05-29 09:25:30,351.6,5.0,41.8,27.6,38.9,19.1,31.0,15.2,26.5,26.4,26.9,26.5,26.3,13.4,26.6,0.1,0.2
2026-05-29 09:25:30,350.8,5.1,40.8,27.4,38.9,19.2,30.4,15.2,26.8,26.5,26.5,26.8,27.1,13.6,26.1,0.1,0.2
2026-05-29 09:25:31,351.9,6.2,41.3,27.2,38.6,19.7,30.6,15.2,26.4,26.8,26.5,26.5,26.4,13.7,26.4,0.1,0.2
2026-05-29 09:25:31,355.9,5.1,41.9,28.7,38.7,18.9,30.5,16.5,26.5,27.1,26.5,27.6,26.6,14.3,26.7,0.1,0.2
2026-05-29 09:25:32,352.8,5.1,41.6,27.5,40.4,19.1,30.8,15.2,26.9,26.6,26.4,26.4,26.8,13.6,26.2,0.1,0.2
2026-05-29 09:25:32,353.2,5.1,42.1,27.5,39.5,19.5,30.2,15.5,26.8,26.5,26.9,26.5,26.3,13.4,27.1,0.1,0.2
2026-05-29 09:25:33,352.6,5.0,41.3,27.8,40.3,19.5,30.1,15.4,27.0,26.5,26.4,26.7,26.6,13.5,26.1,0.1,0.2
2026-05-29 09:25:33,353.4,5.0,41.4,27.2,38.8,20.9,31.0,15.2,27.1,27.1,26.5,26.4,26.3,13.9,26.2,0.1,0.2
2026-05-29 09:25:34,353.9,5.0,40.9,27.6,38.7,19.2,31.3,15.8,26.6,27.1,26.8,27.3,26.5,14.2,26.3,0.1,0.2
2026-05-29 09:25:34,352.8,5.1,41.5,26.9,40.4,19.2,31.1,15.2,27.2,26.5,26.4,26.4,26.8,13.5,26.1,0.1,0.2
2026-05-29 09:25:34,352.7,5.0,42.3,27.7,38.6,19.4,30.7,15.1,26.4,26.6,26.8,26.5,26.3,13.4,27.4,0.1,0.3
2026-05-29 09:25:35,354.4,5.1,41.6,28.4,38.8,19.7,30.8,15.7,26.5,26.4,26.5,27.9,26.6,13.4,26.7,0.1,0.2
2026-05-29 09:25:35,352.6,5.1,41.6,26.8,40.2,19.3,30.8,15.5,26.8,26.7,26.4,26.5,26.9,13.5,26.1,0.1,0.2
2026-05-29 09:25:36,351.5,5.0,41.8,27.3,38.7,19.3,31.0,15.4,26.4,26.4,26.9,26.4,26.5,13.5,26.5,0.1,0.2
2026-05-29 09:25:36,353.0,5.1,41.2,27.7,40.4,19.1,30.8,15.2,27.1,26.6,26.3,26.7,26.6,13.5,26.3,0.1,0.2
2026-05-29 09:25:37,351.9,5.7,41.5,28.1,38.7,19.7,30.2,15.1,26.4,26.9,26.5,26.4,26.3,13.4,26.6,0.1,0.2
2026-05-29 09:25:37,353.6,5.1,41.6,29.0,38.9,19.8,30.7,15.8,26.5,26.4,26.4,27.1,26.5,13.4,26.1,0.1,0.2
2026-05-29 09:25:38,352.9,5.2,41.3,27.2,40.1,19.7,30.2,15.8,26.6,27.0,26.5,26.4,26.6,13.7,26.2,0.1,0.2
2026-05-29 09:25:38,353.3,5.1,41.4,28.3,39.2,19.5,31.1,15.2,26.4,26.5,27.3,26.5,26.3,13.4,26.6,0.1,0.2
2026-05-29 09:25:39,353.1,5.0,40.8,27.4,40.8,19.5,30.5,15.8,27.0,26.5,26.5,26.4,26.8,13.5,26.1,0.1,0.2
2026-05-29 09:25:39,352.2,5.2,42.0,27.9,38.4,19.4,30.7,15.2,26.4,26.6,26.6,26.6,26.4,13.4,27.0,0.1,0.2
2026-05-29 09:25:40,352.6,5.1,41.5,27.3,39.8,19.3,31.2,15.6,26.7,26.4,26.4,26.8,26.5,13.5,26.1,0.1,0.2
2026-05-29 09:25:40,353.1,5.1,41.5,27.8,39.0,20.4,30.4,15.8,26.5,27.0,26.4,26.4,26.4,13.9,26.3,0.1,0.2
2026-05-29 09:25:41,351.9,5.0,41.8,27.4,39.3,19.3,31.4,15.3,26.4,26.4,26.7,26.7,26.4,13.4,26.1,0.1,0.2
2026-05-29 09:25:41,353.2,5.1,41.6,27.4,40.6,19.4,30.9,15.2,26.9,26.5,26.4,26.4,26.8,13.5,26.1,0.1,0.2
2026-05-29 09:25:42,351.8,5.0,42.2,27.7,38.9,19.1,30.7,15.3,26.4,26.4,26.8,26.5,26.3,13.4,26.6,0.1,0.2
2026-05-29 09:25:42,353.5,5.1,41.6,27.2,40.8,19.7,30.6,15.5,27.0,26.5,26.4,26.9,26.4,13.4,26.1,0.1,0.2
2026-05-29 09:25:42,354.0,5.0,41.8,27.2,38.5,21.0,30.5,15.5,26.7,27.0,26.6,26.4,26.4,14.3,26.6,0.1,0.2
2026-05-29 09:25:43,354.0,5.2,40.9,27.6,38.6,19.0,31.9,15.3,26.4,27.0,27.1,27.4,26.6,14.1,26.6,0.1,0.2
2026-05-29 09:25:43,352.8,5.1,41.3,27.1,40.1,19.3,31.1,15.3,27.0,26.6,26.4,26.5,27.0,13.5,26.1,0.1,0.2
2026-05-29 09:25:44,353.0,5.0,41.4,27.2,38.3,19.5,32.0,15.4,27.1,26.8,26.7,26.4,26.5,13.5,26.7,0.1,0.2
2026-05-29 09:25:44,354.7,5.1,41.3,28.4,38.8,19.0,30.1,16.0,27.3,26.8,26.7,27.9,26.5,13.4,27.0,0.1,0.2
2026-05-29 09:25:45,353.4,5.1,42.0,27.5,40.6,19.0,30.5,15.5,26.8,26.7,26.4,26.4,26.8,13.5,26.3,0.1,0.2
2026-05-29 09:25:45,352.1,5.0,41.9,27.3,39.4,19.2,30.7,15.2,26.4,26.4,27.2,26.6,26.3,13.4,26.6,0.1,0.2
2026-05-29 09:25:46,353.0,5.1,41.6,27.3,40.7,19.3,30.8,15.3,27.0,26.5,26.4,26.4,26.8,13.5,26.2,0.1,0.2
2026-05-29 09:25:46,352.2,5.6,41.5,27.8,39.0,19.6,30.2,15.1,26.5,26.9,26.4,26.4,26.3,13.4,27.0,0.1,0.2
2026-05-29 09:25:47,352.9,5.0,41.3,27.5,40.5,19.8,30.6,15.6,26.5,26.4,26.5,26.9,26.4,13.4,26.1,0.1,0.2
2026-05-29 09:25:47,353.5,5.2,41.4,27.2,39.0,20.7,30.5,15.5,26.7,27.0,26.5,26.5,26.7,14.1,26.3,0.1,0.2
2026-05-29 09:25:48,352.7,5.0,41.5,28.5,39.2,19.5,31.1,15.2,26.4,26.4,26.8,26.4,26.5,13.4,26.4,0.1,0.2
2026-05-29 09:25:48,354.0,5.1,41.5,27.0,40.3,19.3,31.1,15.3,26.9,26.5,26.4,26.4,27.8,13.7,26.5,0.1,0.2
2026-05-29 09:25:49,352.4,6.0,41.0,27.6,38.5,20.5,30.6,15.2,26.4,26.9,26.5,26.4,26.4,13.7,26.5,0.1,0.2
2026-05-29 09:25:49,351.2,5.1,41.8,27.5,39.4,19.0,30.5,15.4,26.4,26.4,26.4,26.8,26.5,13.4,26.1,0.1,0.2
2026-05-29 09:25:50,353.6,5.5,41.6,27.6,40.4,19.2,30.7,15.6,26.8,26.7,26.4,26.4,26.6,13.7,26.2,0.1,0.2
2026-05-29 09:25:50,351.8,5.0,42.0,27.4,39.3,19.2,30.6,15.3,26.5,26.4,26.9,26.5,26.3,13.4,26.4,0.1,0.2
2026-05-29 09:25:50,354.5,5.3,41.3,27.7,40.8,19.2,30.8,15.2,27.0,26.7,26.4,26.4,27.7,13.6,26.2,0.1,0.2
2026-05-29 09:25:51,351.4,5.4,41.1,28.0,39.1,19.4,30.2,15.1,26.4,26.8,26.8,26.5,26.3,13.7,26.4,0.1,0.2
2026-05-29 09:25:51,351.9,5.1,41.7,27.3,38.7,19.9,31.2,15.2,26.4,26.4,26.4,27.3,26.5,13.4,26.1,0.1,0.2
2026-05-29 09:25:52,353.0,5.1,41.6,26.9,40.6,19.3,31.1,15.2,26.9,26.5,26.4,26.5,27.0,13.5,26.1,0.1,0.2
2026-05-29 09:25:52,353.1,5.0,41.8,26.9,39.4,19.2,31.8,15.3,26.4,26.4,26.9,26.5,26.4,13.5,27.3,0.1,0.2
2026-05-29 09:25:53,352.8,5.0,41.2,27.1,40.4,19.4,31.1,15.3,27.0,26.4,26.4,26.6,26.6,13.5,26.3,0.1,0.2
2026-05-29 09:25:53,352.4,6.1,41.1,27.6,38.4,19.7,30.7,15.2,26.4,27.3,26.6,26.4,26.4,13.8,26.5,0.1,0.2
2026-05-29 09:25:54,353.0,5.0,41.4,29.7,38.7,19.6,30.7,15.4,26.4,26.5,26.4,26.8,26.5,13.4,26.2,0.1,0.2
2026-05-29 09:25:54,353.4,5.0,40.9,27.9,39.1,20.7,30.3,15.8,26.9,26.7,26.4,26.4,27.2,13.6,26.1,0.1,0.2
2026-05-29 09:25:55,351.8,5.0,42.4,27.2,39.4,19.2,30.6,15.1,26.4,26.5,26.9,26.5,26.3,13.4,26.4,0.1,0.2
2026-05-29 09:25:55,352.5,5.2,41.6,26.9,40.5,19.2,30.8,15.2,26.9,26.5,26.5,26.4,26.8,13.5,26.1,0.1,0.2
2026-05-29 09:25:56,351.6,5.1,42.0,27.7,38.7,19.8,30.4,15.1,26.4,26.6,26.6,26.4,26.5,13.4,26.6,0.1,0.2
2026-05-29 09:25:56,352.8,5.1,41.7,28.8,38.6,19.9,30.5,15.6,26.5,26.4,26.4,26.8,26.4,13.5,26.2,0.1,0.2
2026-05-29 09:25:57,352.2,5.2,41.5,27.5,39.6,19.7,30.5,15.1,26.4,27.0,26.5,26.4,26.6,13.6,26.3,0.1,0.2
2026-05-29 09:25:57,351.6,5.0,42.2,27.1,39.1,19.4,31.1,15.3,26.4,26.4,26.9,26.4,26.4,13.4,26.2,0.1,0.2
2026-05-29 09:25:58,352.9,5.1,40.9,28.0,40.4,19.1,30.9,15.2,27.0,26.6,26.4,26.4,26.9,13.5,26.2,0.1,0.2
2026-05-29 09:25:58,351.1,5.1,41.0,28.1,38.9,19.3,30.4,15.3,26.5,26.5,26.9,26.5,26.3,13.4,26.6,0.1,0.2
2026-05-29 09:25:59,354.7,5.1,41.3,27.8,40.4,19.6,30.5,16.1,26.9,26.6,26.4,27.7,26.5,13.4,26.1,0.1,0.2
2026-05-29 09:25:59,353.3,5.1,41.5,27.2,39.6,19.4,31.3,15.2,27.4,26.9,26.5,26.4,26.8,13.5,26.2,0.1,0.2
2026-05-29 09:25:59,351.1,5.0,41.3,27.4,38.9,19.0,31.0,15.2,26.4,26.4,26.9,26.6,26.4,13.4,26.6,0.1,0.2
2026-05-29 09:26:00,353.3,5.1,41.7,26.9,41.0,19.3,30.9,15.2,26.9,26.5,26.4,26.5,27.0,13.5,26.1,0.1,0.2
2026-05-29 09:26:00,352.7,5.0,42.0,27.5,38.7,19.6,30.5,15.1,26.4,26.6,27.0,26.5,26.4,13.4,27.6,0.1,0.2
2026-05-29 09:26:01,351.4,5.2,40.8,27.9,39.5,19.3,30.4,15.7,26.5,26.4,26.4,26.8,26.4,13.4,26.3,0.1,0.2
2026-05-29 09:26:01,353.3,5.2,41.3,27.9,39.4,19.5,31.3,15.3,26.4,26.9,26.5,26.4,26.6,14.1,26.3,0.1,0.2
2026-05-29 09:26:02,354.1,5.1,41.1,28.1,38.7,18.9,31.7,15.5,26.4,27.1,26.8,27.2,27.0,13.6,26.7,0.1,0.2
2026-05-29 09:26:02,353.2,5.4,42.0,28.1,39.1,19.6,30.3,15.1,27.0,26.6,26.4,26.7,27.0,13.6,26.1,0.1,0.2
2026-05-29 09:26:03,352.7,5.7,42.0,27.8,39.1,19.6,30.2,15.1,26.4,26.8,26.7,26.5,26.3,13.7,26.4,0.1,0.2
2026-05-29 09:26:03,353.3,5.1,41.6,29.1,39.3,19.8,30.6,15.3,26.4,26.4,26.5,26.9,26.4,13.4,26.1,0.1,0.2
2026-05-29 09:26:04,353.2,5.1,41.7,27.3,40.6,19.3,30.9,15.2,26.7,26.7,26.4,26.5,26.8,13.5,26.2,0.1,0.2
2026-05-29 09:26:04,351.5,5.0,42.0,27.4,39.0,19.2,30.7,15.1,26.4,26.4,26.8,26.5,26.5,13.4,26.6,0.1,0.2
2026-05-29 09:26:05,353.8,5.1,41.6,27.2,40.6,19.2,30.9,15.5,27.5,26.6,26.4,27.0,26.4,13.5,26.1,0.1,0.2
2026-05-29 09:26:05,353.1,5.2,41.6,26.9,39.9,20.3,30.3,15.8,26.6,26.9,26.5,26.4,26.6,13.6,26.3,0.1,0.2
2026-05-29 09:26:06,351.6,5.0,41.8,27.3,39.4,19.3,31.0,15.2,26.4,26.4,27.0,26.5,26.4,13.4,26.1,0.1,0.2
2026-05-29 09:26:06,355.2,5.1,41.5,26.8,40.7,19.4,31.3,15.3,27.6,26.6,26.4,26.4,27.8,13.6,26.4,0.1,0.2
2026-05-29 09:26:07,353.3,6.2,41.0,27.4,38.4,20.0,30.6,15.3,26.4,27.4,26.9,26.4,27.1,13.7,26.2,0.1,0.2
2026-05-29 09:26:07,353.8,5.1,40.8,27.6,38.4,19.1,30.7,16.6,26.6,27.2,26.8,27.6,26.5,13.8,26.6,0.1,0.2
2026-05-29 09:26:07,352.9,5.1,41.5,26.8,39.3,19.3,30.4,15.1,28.1,26.7,27.2,26.9,26.6,13.5,26.1,0.1,0.2
2026-05-29 09:26:08,353.3,5.0,42.3,27.4,38.9,19.8,30.5,15.2,26.4,27.0,26.6,26.4,26.3,13.4,27.5,0.1,0.2
2026-05-29 09:26:08,353.5,5.1,41.6,29.5,38.7,19.6,30.6,15.7,26.5,26.4,26.4,27.1,26.5,13.4,26.1,0.1,0.2
2026-05-29 09:26:09,353.7,5.1,41.8,27.6,40.6,19.1,30.9,15.2,26.9,26.5,26.4,26.6,27.0,13.6,26.1,0.1,0.2
2026-05-29 09:26:09,352.1,5.4,41.1,28.3,38.9,19.2,30.4,15.1,26.4,26.7,27.0,26.5,26.4,13.5,26.8,0.1,0.2
2026-05-29 09:26:10,353.5,5.1,41.3,28.8,39.8,19.7,30.3,15.8,26.5,26.4,26.4,26.9,26.4,13.6,26.3,0.1,0.2
2026-05-29 09:26:10,354.4,5.0,41.6,28.0,39.6,20.5,30.3,15.7,26.5,26.9,26.5,26.4,26.6,14.1,26.3,0.1,0.2
2026-05-29 09:26:11,351.6,5.1,41.9,27.3,39.3,19.2,30.7,15.2,26.4,26.5,26.9,26.5,26.3,13.4,26.4,0.1,0.2
2026-05-29 09:26:11,352.5,5.1,40.8,27.5,40.7,19.2,30.8,15.3,27.0,26.5,26.3,26.7,26.6,13.5,26.2,0.1,0.2
2026-05-29 09:26:12,351.7,5.8,41.4,27.5,38.7,19.7,30.3,15.1,26.5,26.9,26.5,26.4,26.4,13.4,26.7,0.1,0.2
2026-05-29 09:26:12,353.7,5.1,41.5,28.4,39.3,19.5,31.1,16.1,26.5,26.4,26.4,26.9,26.5,13.4,26.1,0.1,0.2
2026-05-29 09:26:13,353.3,5.2,41.2,27.2,40.4,19.6,30.5,15.9,26.8,26.6,26.5,26.5,26.6,13.7,26.2,0.1,0.2
2026-05-29 09:26:13,351.2,5.0,42.0,26.9,38.9,19.3,31.1,15.3,26.4,26.4,26.8,26.4,26.5,13.4,26.4,0.1,0.2
2026-05-29 09:26:14,350.4,5.1,41.0,28.0,39.3,18.9,30.2,15.1,26.8,26.5,26.4,26.3,26.8,13.5,26.3,0.1,0.2
2026-05-29 09:26:14,353.1,5.1,42.0,28.3,39.0,19.6,30.2,15.1,26.4,26.7,27.4,26.6,26.3,13.4,26.7,0.1,0.2
2026-05-29 09:26:15,353.9,5.0,41.3,29.2,39.2,19.8,30.4,16.0,26.9,26.4,26.4,26.9,26.4,13.4,26.1,0.1,0.2
2026-05-29 09:26:15,353.2,5.0,41.5,27.4,39.2,20.7,30.4,15.9,26.5,26.9,26.4,26.4,26.3,13.9,26.2,0.1,0.2
2026-05-29 09:26:16,351.5,5.0,41.7,27.1,39.5,19.3,31.1,15.2,26.5,26.4,26.9,26.5,26.4,13.4,26.1,0.1,0.2
2026-05-29 09:26:16,352.8,5.1,41.2,27.2,40.5,19.3,31.1,15.2,27.0,26.6,26.4,26.4,26.9,13.5,26.1,0.1,0.2
2026-05-29 09:26:16,352.4,5.1,41.8,27.6,38.6,19.4,30.8,15.2,26.4,26.4,27.3,26.5,26.4,13.4,27.1,0.1,0.2
2026-05-29 09:26:17,351.7,5.0,41.1,28.0,38.4,19.9,30.6,15.7,26.7,26.4,26.4,27.1,26.5,13.4,26.1,0.1,0.2
2026-05-29 09:26:17,354.0,5.1,41.7,26.9,38.2,21.1,30.7,15.7,26.9,27.8,26.6,26.4,26.4,14.1,26.3,0.1,0.2
2026-05-29 09:26:18,353.4,5.1,41.8,27.6,39.1,19.3,31.2,15.4,26.4,26.4,27.1,27.2,26.5,13.6,26.6,0.1,0.2
2026-05-29 09:26:18,353.7,5.0,41.3,27.8,40.9,19.2,30.5,15.4,27.0,26.6,26.4,26.4,27.2,13.6,26.2,0.1,0.2
2026-05-29 09:26:19,352.9,5.0,42.0,28.0,38.8,19.6,30.3,15.1,26.4,26.7,27.5,26.6,26.4,13.4,26.7,0.1,0.2
2026-05-29 09:26:19,352.8,5.0,41.6,28.1,40.2,19.3,30.1,16.0,26.5,26.4,26.4,26.9,26.4,13.4,26.1,0.1,0.2
2026-05-29 09:26:20,354.0,5.0,41.5,27.2,39.2,21.9,30.5,15.2,27.2,26.9,26.4,26.4,26.4,13.7,26.3,0.1,0.2
2026-05-29 09:26:20,352.5,5.0,41.4,27.7,38.6,19.1,32.0,15.2,26.4,27.1,27.2,26.5,26.4,13.4,26.1,0.1,0.2
2026-05-29 09:26:21,353.1,5.2,41.1,27.4,40.7,19.2,31.1,15.2,26.9,26.5,26.4,26.5,26.9,13.5,26.1,0.1,0.2
2026-05-29 09:26:21,351.7,5.0,42.0,27.3,38.7,19.2,31.0,15.2,26.4,26.4,26.8,26.4,26.5,13.4,26.9,0.1,0.2
2026-05-29 09:26:22,352.8,5.1,41.5,27.1,40.1,19.4,31.2,15.7,26.7,26.4,26.4,26.8,26.4,13.5,26.2,0.1,0.2
2026-05-29 09:26:22,353.3,5.0,41.6,27.7,38.8,20.8,30.4,15.3,27.0,27.1,26.5,26.4,26.4,13.8,26.2,0.1,0.2
2026-05-29 09:26:23,352.5,5.0,42.0,27.6,39.4,19.1,31.2,15.6,26.4,26.4,26.7,26.7,26.4,13.4,26.1,0.1,0.2
2026-05-29 09:26:23,352.8,5.0,41.3,27.5,40.5,19.2,30.6,15.6,27.0,26.5,26.4,26.4,26.8,13.5,26.1,0.1,0.2
2026-05-29 09:26:23,351.0,5.0,41.4,27.2,38.8,19.0,31.0,15.2,26.5,26.4,27.0,26.5,26.3,13.4,26.6,0.1,0.2
2026-05-29 09:26:24,351.6,6.0,41.2,27.3,39.1,19.1,30.2,15.2,27.2,26.6,26.4,26.7,26.6,13.5,26.1,0.1,0.2
2026-05-29 09:26:24,353.0,6.0,41.3,27.5,38.6,19.6,30.5,15.1,26.4,26.6,27.2,26.5,26.3,13.8,27.2,0.1,0.2
2026-05-29 09:26:25,350.4,5.1,40.9,27.9,38.4,19.1,30.7,15.4,26.4,26.4,26.4,27.1,26.6,13.4,26.1,0.1,0.2
2026-05-29 09:26:25,351.7,5.1,41.0,26.9,39.2,19.4,31.2,15.3,26.7,26.6,26.5,26.4,26.6,14.2,26.3,0.1,0.2
2026-05-29 09:26:26,351.9,5.1,41.9,27.3,39.5,19.1,30.7,15.1,26.4,26.5,26.8,26.5,26.4,13.5,26.8,0.1,0.2
2026-05-29 09:26:26,353.2,5.1,41.8,27.5,40.8,19.2,30.8,15.2,26.9,26.5,26.4,26.4,26.8,13.5,26.1,0.1,0.2
2026-05-29 09:26:27,351.7,5.0,41.7,27.6,39.4,19.8,30.3,15.1,26.4,26.7,26.7,26.4,26.3,13.4,26.6,0.1,0.2
2026-05-29 09:26:27,352.4,5.1,41.3,29.0,38.8,19.8,30.3,15.6,26.6,26.4,26.4,26.9,26.5,13.4,26.1,0.1,0.2
2026-05-29 09:26:28,353.3,5.2,41.8,27.2,39.1,20.6,30.4,15.8,26.6,27.1,26.5,26.4,26.6,13.7,26.2,0.1,0.2
2026-05-29 09:26:28,351.0,5.0,41.6,27.2,39.4,19.3,30.9,15.2,26.4,26.4,26.9,26.5,26.4,13.4,26.1,0.1,0.2
2026-05-29 09:26:29,351.1,5.1,41.1,26.8,39.4,19.6,30.8,15.2,26.9,26.5,26.4,26.5,26.9,13.5,26.1,0.1,0.2
2026-05-29 09:26:29,351.7,5.1,42.0,27.7,38.4,19.5,30.8,15.3,26.4,26.4,26.8,26.4,26.5,13.4,26.7,0.1,0.2
2026-05-29 09:26:30,353.1,5.1,41.3,27.7,40.9,19.0,30.8,15.7,26.4,26.5,26.4,26.8,26.4,13.4,26.2,0.1,0.2
2026-05-29 09:26:30,353.1,5.0,41.5,27.6,39.1,20.8,30.3,15.8,26.5,26.9,26.5,26.4,26.3,13.9,26.2,0.1,0.2
2026-05-29 09:26:31,352.2,5.0,41.7,27.6,39.4,19.2,31.1,15.6,26.4,26.4,26.7,26.7,26.4,13.4,26.1,0.1,0.2
2026-05-29 09:26:31,352.8,5.1,41.5,26.9,40.5,19.3,30.9,15.3,27.2,26.6,26.3,26.4,26.8,13.5,26.1,0.1,0.2
2026-05-29 09:26:31,352.1,5.1,41.6,27.2,39.5,19.2,30.7,15.2,26.5,26.5,27.2,26.6,26.3,13.4,26.7,0.1,0.2
2026-05-29 09:26:32,350.7,5.1,40.8,27.5,39.2,19.1,30.4,15.3,26.6,26.6,26.5,26.8,26.7,13.4,26.1,0.1,0.2
2026-05-29 09:26:32,353.4,5.1,41.8,26.9,38.3,20.9,30.6,15.5,26.8,27.0,26.5,26.5,26.4,13.7,27.1,0.1,0.2
2026-05-29 09:26:33,351.2,5.0,41.7,27.0,38.9,19.3,30.9,15.5,26.4,26.4,26.4,27.0,26.6,13.5,26.2,0.1,0.2
2026-05-29 09:26:33,354.1,5.1,41.6,27.6,40.0,20.1,30.3,15.7,27.0,26.6,26.4,26.4,27.2,13.7,26.2,0.1,0.2
2026-05-29 09:26:34,352.1,5.1,41.9,28.2,39.0,19.2,30.4,15.1,26.4,26.4,26.9,26.5,26.3,13.4,26.9,0.1,0.2
2026-05-29 09:26:34,352.8,5.1,41.3,27.9,40.2,19.7,30.5,15.7,26.5,26.4,26.4,26.6,26.6,13.5,26.2,0.1,0.2
2026-05-29 09:26:35,353.8,5.0,41.7,27.8,39.5,20.7,30.3,15.1,27.1,27.1,26.4,26.4,26.3,13.7,26.4,0.1,0.2
2026-05-29 09:26:35,353.1,5.1,41.9,28.8,39.5,19.3,30.6,15.2,26.4,26.4,26.8,26.5,26.3,13.4,26.4,0.1,0.2
2026-05-29 09:26:36,350.1,5.3,40.9,27.5,39.3,19.1,30.1,15.0,26.7,26.5,26.4,26.4,26.8,13.5,26.1,0.1,0.2
2026-05-29 09:26:36,351.5,5.1,42.0,27.6,38.7,19.7,30.3,15.1,26.4,26.6,26.7,26.5,26.3,13.4,26.6,0.1,0.2
2026-05-29 09:26:37,351.5,5.1,41.1,28.1,39.5,19.2,30.4,15.6,26.5,26.4,26.4,26.9,26.5,13.4,26.1,0.1,0.2
2026-05-29 09:26:37,353.5,5.2,41.8,27.2,39.4,20.4,30.6,15.8,26.5,26.9,26.5,26.4,26.7,13.7,26.2,0.1,0.2
2026-05-29 09:26:38,352.1,5.0,41.8,27.5,39.2,19.3,31.4,15.3,26.4,26.4,27.0,26.5,26.4,13.5,26.2,0.1,0.2
2026-05-29 09:26:38,353.1,5.1,41.3,27.6,40.7,19.0,30.9,15.2,27.1,26.6,26.4,26.3,26.8,13.5,26.1,0.1,0.2
2026-05-29 09:26:39,353.8,5.0,42.5,27.6,39.3,19.4,30.9,15.2,26.4,26.4,27.7,26.6,26.3,13.4,26.7,0.1,0.2
2026-05-29 09:26:39,353.4,5.0,41.3,27.9,40.2,19.3,31.0,15.6,26.7,26.5,26.4,26.9,26.7,13.5,26.1,0.1,0.2
2026-05-29 09:26:40,353.1,5.0,41.4,27.3,39.2,20.8,30.3,15.4,26.9,26.9,26.4,26.4,26.3,14.1,26.3,0.1,0.2
2026-05-29 09:26:40,351.3,5.0,41.7,27.1,39.3,19.5,30.7,15.2,26.4,26.6,26.8,26.7,26.4,13.4,26.2,0.1,0.2
2026-05-29 09:26:40,354.1,5.2,41.5,26.9,41.2,19.3,31.1,15.2,26.9,26.5,26.5,26.4,27.6,13.6,26.1,0.1,0.2
2026-05-29 09:26:41,351.8,5.1,42.0,27.7,38.7,19.7,30.4,15.1,26.4,26.7,26.8,26.5,26.4,13.4,26.7,0.1,0.2
2026-05-29 09:26:41,352.6,5.1,41.5,28.5,39.0,19.8,30.5,15.6,26.5,26.4,26.4,26.8,26.6,13.4,26.1,0.1,0.2
2026-05-29 09:26:42,353.2,5.0,41.5,27.2,38.8,20.8,30.7,15.9,26.6,26.9,26.5,26.4,26.6,13.9,26.3,0.1,0.2
2026-05-29 09:26:42,350.7,5.0,41.7,27.0,38.9,19.4,31.0,15.3,26.4,26.4,26.9,26.4,26.4,13.4,26.2,0.1,0.2
2026-05-29 09:26:43,353.0,5.1,41.3,27.9,40.5,19.1,30.9,15.2,26.9,26.5,26.3,26.4,26.8,13.5,26.2,0.1,0.2
2026-05-29 09:26:43,351.9,5.0,41.9,28.2,38.8,19.4,30.4,15.2,26.4,26.4,26.8,26.5,26.3,13.4,26.6,0.1,0.2
2026-05-29 09:26:44,352.9,5.1,41.3,27.8,40.4,19.6,30.5,15.6,26.6,26.4,26.4,26.9,26.4,13.4,26.1,0.1,0.2
2026-05-29 09:26:44,352.9,5.0,41.4,27.2,38.7,21.2,30.3,15.8,26.5,27.0,26.6,26.4,26.3,13.9,26.2,0.1,0.2
2026-05-29 09:26:45,351.5,5.1,41.8,27.5,39.4,19.3,30.9,15.1,26.4,26.4,26.6,26.7,26.5,13.4,26.1,0.1,0.2
2026-05-29 09:26:45,352.4,5.1,41.5,26.8,40.1,19.3,31.1,15.2,27.0,26.6,26.4,26.4,27.0,13.5,26.1,0.1,0.2
2026-05-29 09:26:46,352.0,5.1,41.8,27.3,38.8,19.3,31.3,15.3,26.4,26.4,27.0,26.4,26.4,13.5,26.6,0.1,0.2
2026-05-29 09:26:46,352.8,5.1,41.5,26.8,40.2,19.3,31.2,15.7,26.7,26.4,26.4,26.8,26.7,13.4,26.1,0.1,0.2
2026-05-29 09:26:47,352.0,5.4,41.1,28.0,38.7,19.5,30.4,15.1,26.4,27.4,26.9,26.4,26.4,13.7,26.4,0.1,0.2
2026-05-29 09:26:47,351.2,5.0,41.7,27.7,39.4,19.1,30.6,15.2,26.4,26.4,26.4,26.7,26.4,13.4,26.2,0.1,0.2
2026-05-29 09:26:47,352.7,5.1,41.6,27.2,40.4,19.2,30.5,15.4,26.9,26.8,26.4,26.4,26.8,13.5,26.2,0.1,0.2
2026-05-29 09:26:48,351.9,5.1,42.4,26.9,39.5,19.2,30.7,15.2,26.6,26.5,26.9,26.5,26.3,13.4,26.4,0.1,0.2
2026-05-29 09:26:48,353.3,5.1,41.3,27.2,40.4,19.3,30.9,15.2,26.9,26.5,26.5,26.4,27.6,13.6,26.1,0.1,0.2
2026-05-29 09:26:49,351.4,5.0,41.9,26.9,39.2,19.7,30.5,15.1,26.4,26.8,26.5,26.5,26.5,13.4,26.7,0.1,0.2
2026-05-29 09:26:49,353.3,5.2,41.5,28.2,39.7,19.7,30.8,15.8,26.4,26.4,26.4,26.8,26.4,13.5,26.2,0.1,0.2
2026-05-29 09:26:50,352.8,5.1,41.5,26.8,40.4,19.3,30.8,15.5,26.8,26.7,26.4,26.4,26.8,13.6,26.3,0.1,0.2
2026-05-29 09:26:50,351.0,5.1,41.3,27.6,38.4,19.2,31.1,15.3,26.4,26.4,26.9,26.4,26.4,13.4,26.6,0.1,0.2
2026-05-29 09:26:51,353.5,5.1,41.6,27.3,38.9,19.0,30.2,15.1,27.6,26.7,27.0,26.8,27.3,13.6,26.9,0.1,0.2
2026-05-29 09:26:51,353.3,5.0,41.5,27.8,38.9,20.8,30.3,15.6,26.8,27.0,26.5,26.4,26.3,13.7,26.4,0.1,0.2
2026-05-29 09:26:52,351.6,5.0,41.7,27.8,39.5,19.2,30.4,15.3,26.5,26.4,26.4,26.9,26.4,13.4,26.1,0.1,0.2
2026-05-29 09:26:52,353.3,5.1,41.5,26.9,39.5,20.6,30.3,15.1,27.7,26.8,26.5,26.4,26.8,13.5,26.1,0.1,0.2
2026-05-29 09:26:53,352.2,5.0,42.0,26.9,39.8,19.2,31.1,15.2,26.4,26.4,26.9,26.6,26.4,13.4,26.4,0.1,0.2
2026-05-29 09:26:53,353.0,5.1,41.8,26.9,40.3,19.4,31.1,15.2,26.9,26.5,26.4,26.4,27.2,13.5,26.1,0.1,0.2
2026-05-29 09:26:54,352.7,5.4,41.0,27.4,38.5,20.3,31.2,15.2,27.0,27.0,26.5,26.4,26.4,13.5,26.6,0.1,0.2
2026-05-29 09:26:54,352.6,5.0,41.3,28.9,38.6,19.9,30.6,15.7,26.5,26.4,26.4,26.8,26.4,13.4,26.2,0.1,0.2
2026-05-29 09:26:55,352.9,6.3,41.0,27.9,39.3,19.0,30.3,15.1,26.4,27.8,26.5,26.4,26.7,13.7,26.2,0.1,0.2
2026-05-29 09:26:55,351.3,5.0,41.9,27.3,39.3,19.2,30.8,15.3,26.4,26.4,26.9,26.5,26.3,13.4,26.1,0.1,0.2
2026-05-29 09:26:55,353.8,5.1,40.9,28.0,40.6,19.2,30.8,15.2,27.0,26.6,26.4,26.4,27.6,13.6,26.2,0.1,0.2
2026-05-29 09:26:56,352.9,5.8,41.8,28.2,39.0,19.6,30.2,15.1,26.5,27.0,26.5,26.4,26.3,13.7,26.4,0.1,0.2
2026-05-29 09:26:57,353.4,5.2,41.6,27.5,38.7,19.2,30.3,16.5,26.6,27.1,26.6,27.7,26.5,13.4,26.1,0.1,0.2
2026-05-29 09:26:57,353.1,5.1,41.4,27.2,40.7,19.3,30.6,15.5,26.8,26.7,26.6,26.5,26.8,13.5,26.1,0.1,0.2
2026-05-29 09:26:57,351.6,5.0,41.8,27.0,39.5,19.2,31.1,15.2,26.4,26.4,26.8,26.4,26.5,13.4,26.4,0.1,0.2
2026-05-29 09:26:58,352.6,5.1,41.5,26.8,40.3,19.3,31.1,15.3,26.9,26.5,26.4,26.4,26.8,13.6,26.2,0.1,0.2
2026-05-29 09:26:58,351.1,5.1,41.9,27.5,38.4,19.6,30.8,15.3,26.4,26.7,26.5,26.4,26.4,13.4,26.4,0.1,0.2
2026-05-29 09:26:59,353.9,5.1,41.6,29.5,38.7,19.6,30.4,15.6,26.4,26.4,26.4,27.6,26.6,13.4,26.1,0.1,0.2
2026-05-29 09:26:59,353.4,5.2,41.4,27.6,39.6,20.2,30.3,15.9,26.5,27.0,26.5,26.4,26.6,13.7,26.2,0.1,0.2
2026-05-29 09:27:00,351.4,5.0,41.9,27.3,39.7,19.2,30.6,15.2,26.5,26.4,26.9,26.5,26.3,13.4,26.1,0.1,0.2
2026-05-29 09:27:00,352.8,5.2,40.8,27.5,40.7,19.3,30.8,15.2,26.9,26.5,26.4,26.5,27.0,13.5,26.1,0.1,0.2
2026-05-29 09:27:01,352.2,5.1,42.0,27.3,39.0,19.5,30.9,15.2,26.4,26.8,26.7,26.5,26.4,13.4,26.6,0.1,0.2
2026-05-29 09:27:01,355.1,5.1,41.5,27.6,40.7,19.6,30.8,15.6,26.5,27.2,26.5,27.4,26.6,13.4,26.2,0.1,0.2
2026-05-29 09:27:02,353.3,5.1,41.5,27.0,40.4,19.2,30.8,15.5,26.8,27.1,26.5,26.4,27.0,13.6,26.2,0.1,0.2
2026-05-29 09:27:02,353.3,5.0,41.8,26.9,39.3,19.4,31.0,15.3,26.4,26.4,27.2,27.2,26.9,13.5,26.6,0.1,0.2
2026-05-29 09:27:03,353.0,5.0,41.3,27.1,40.3,19.5,30.5,15.2,27.6,26.5,26.4,26.4,27.2,13.6,26.1,0.1,0.2
2026-05-29 09:27:03,352.3,5.1,42.7,27.4,39.2,19.5,30.5,15.1,26.3,26.7,26.7,26.4,26.4,13.4,26.6,0.1,0.2
2026-05-29 09:27:04,353.0,5.1,41.5,29.7,38.9,19.7,30.3,15.6,26.6,26.5,26.4,26.7,26.4,13.4,26.1,0.1,0.2
2026-05-29 09:27:04,354.0,5.2,41.6,27.6,39.6,20.4,30.2,15.8,26.7,27.1,26.5,26.4,26.6,13.7,26.2,0.1,0.2
2026-05-29 09:27:05,352.1,5.0,41.8,27.1,39.7,19.2,30.6,15.1,26.4,26.4,27.2,27.1,26.4,13.4,26.1,0.1,0.2
2026-05-29 09:27:05,352.0,5.1,41.2,27.3,39.3,19.4,30.2,15.1,26.9,26.5,26.5,26.5,28.1,13.6,26.1,0.1,0.2
2026-05-29 09:27:05,352.1,5.1,41.8,27.5,39.1,19.6,30.7,15.2,26.4,26.4,27.0,26.4,26.5,13.5,26.6,0.1,0.2
2026-05-29 09:27:06,350.4,5.1,40.8,27.7,38.9,19.1,30.5,15.5,26.7,26.4,26.4,26.8,26.5,13.5,26.3,0.1,0.2
2026-05-29 09:27:06,352.7,5.1,41.7,26.9,38.6,20.8,30.6,15.9,26.6,26.9,26.5,26.4,26.3,14.0,26.2,0.1,0.2
2026-05-29 09:27:07,351.3,5.0,41.7,27.4,39.0,19.3,31.1,15.3,26.4,26.4,26.7,26.6,26.4,13.4,26.1,0.1,0.2
2026-05-29 09:27:07,354.4,5.1,41.6,27.6,40.4,19.1,30.8,15.3,26.9,26.6,26.4,26.4,27.4,13.6,26.9,0.1,0.2
2026-05-29 09:27:08,353.3,5.1,41.7,27.6,38.7,19.7,31.4,15.2,27.1,27.1,26.5,26.4,26.3,13.4,26.6,0.1,0.2
2026-05-29 09:27:09,352.8,5.0,41.6,28.2,38.7,19.1,30.1,15.5,26.5,26.5,26.4,28.1,26.5,13.4,26.8,0.1,0.2
2026-05-29 09:27:09,351.6,5.5,41.1,27.5,39.6,19.2,30.1,15.0,26.4,27.2,26.6,26.4,26.3,14.1,26.3,0.1,0.2
2026-05-29 09:27:09,349.6,5.1,41.1,27.5,38.7,19.1,30.6,15.2,26.4,26.4,26.6,26.6,26.5,13.4,26.1,0.1,0.2
2026-05-29 09:27:11,354.4,5.1,40.8,28.0,40.0,19.9,30.5,15.1,27.6,27.1,26.4,26.9,27.0,13.6,26.1,0.1,0.2
2026-05-29 09:27:11,350.6,5.1,41.7,27.1,38.6,19.8,30.5,15.1,26.3,26.9,26.5,26.3,26.4,13.4,26.7,0.1,0.2
2026-05-29 09:27:11,351.6,5.1,40.8,27.3,38.6,19.3,30.7,16.5,26.6,26.4,26.4,27.6,26.5,13.4,26.1,0.1,0.2
2026-05-29 09:27:11,352.2,5.3,40.8,26.7,38.8,19.4,31.5,15.3,27.4,26.6,27.0,26.5,26.9,13.5,26.1,0.1,0.2
2026-05-29 09:27:11,350.3,5.1,41.4,27.1,38.2,19.1,30.9,15.4,26.4,26.5,27.0,26.5,26.4,13.4,26.4,0.1,0.2
2026-05-29 09:27:13,350.6,5.1,41.3,27.6,39.1,19.0,30.1,15.0,27.0,26.7,26.4,26.4,26.9,13.5,26.2,0.1,0.2
2026-05-29 09:27:13,351.9,5.1,41.7,27.5,38.7,19.3,30.4,15.1,26.4,26.7,26.8,26.5,26.4,13.4,27.5,0.1,0.2
2026-05-29 09:27:13,350.0,5.1,41.0,27.5,39.0,19.1,30.1,15.3,26.6,26.5,26.5,27.0,26.5,13.4,26.1,0.1,0.2
2026-05-29 09:27:13,350.7,5.2,41.0,27.6,39.5,19.1,30.1,15.1,26.4,26.9,26.4,26.4,26.5,13.9,26.3,0.1,0.2
2026-05-29 09:27:14,351.6,5.1,41.8,27.5,39.5,19.2,30.7,15.2,26.4,26.4,26.8,26.5,26.5,13.5,26.1,0.1,0.2
2026-05-29 09:27:14,352.5,5.1,40.8,27.4,40.8,19.3,31.1,15.2,26.9,26.5,26.4,26.4,26.8,13.5,26.1,0.1,0.2
2026-05-29 09:27:15,351.5,5.0,42.2,27.6,38.4,19.5,30.8,15.2,26.4,26.4,26.8,26.5,26.4,13.4,26.6,0.1,0.2
2026-05-29 09:27:15,352.5,5.1,40.8,27.7,39.9,19.8,30.9,15.9,26.5,26.4,26.4,26.8,26.4,13.4,26.1,0.1,0.2
2026-05-29 09:27:16,352.9,5.3,42.1,28.0,39.0,19.9,30.3,15.1,26.4,27.1,26.5,26.4,26.4,13.9,26.2,0.1,0.2
2026-05-29 09:27:16,350.7,5.0,40.9,27.8,39.4,19.1,30.4,15.4,26.4,26.5,26.7,26.7,26.4,13.4,26.1,0.1,0.2
2026-05-29 09:27:17,354.2,5.2,41.1,27.8,41.1,19.2,30.5,15.4,26.8,27.1,26.6,26.4,26.9,13.5,26.1,0.1,0.2
2026-05-29 09:27:17,352.0,5.2,42.0,28.0,38.9,19.6,30.2,15.1,26.4,26.6,26.6,26.6,26.4,13.4,26.7,0.1,0.2
2026-05-29 09:27:18,354.0,5.1,41.5,28.7,39.6,19.7,30.2,15.7,26.8,26.5,26.4,27.3,26.6,13.4,26.1,0.1,0.2
2026-05-29 09:27:18,353.2,5.1,41.6,27.1,40.4,19.8,30.2,15.8,27.1,26.5,26.4,26.4,26.8,13.6,26.2,0.1,0.2
2026-05-29 09:27:19,353.1,5.0,41.9,26.9,39.9,19.2,31.5,15.2,26.5,26.5,27.0,26.5,26.3,13.4,27.0,0.1,0.2
2026-05-29 09:27:19,352.6,5.1,41.2,27.1,40.3,19.4,31.2,15.2,26.9,26.5,26.4,26.6,26.6,13.5,26.1,0.1,0.2
2026-05-29 09:27:20,353.3,5.1,41.2,27.2,38.4,20.7,30.9,15.3,27.1,27.1,26.5,26.4,26.5,13.4,27.1,0.1,0.2
2026-05-29 09:27:20,353.0,5.0,41.3,28.0,39.5,19.7,31.2,15.7,26.5,26.4,26.4,26.9,26.5,13.4,26.1,0.1,0.2
2026-05-29 09:27:20,353.7,5.2,41.4,27.4,38.6,20.6,30.3,15.8,26.9,26.9,26.4,26.4,26.6,14.4,26.4,0.1,0.2
2026-05-29 09:27:21,351.9,5.1,42.2,27.3,39.4,19.2,30.6,15.2,26.4,26.4,27.1,26.5,26.3,13.4,26.4,0.1,0.2
2026-05-29 09:27:21,351.7,5.1,41.2,28.1,39.1,19.8,30.3,15.1,26.9,26.5,26.4,26.4,27.0,13.5,26.2,0.1,0.2
2026-05-29 09:27:22,352.1,5.1,42.3,27.8,38.8,19.6,30.2,15.1,26.4,26.7,26.6,26.5,26.5,13.5,26.7,0.1,0.2
2026-05-29 09:27:22,352.8,5.1,41.6,28.2,39.6,19.9,30.3,15.6,26.5,26.4,26.4,26.8,26.4,13.4,26.2,0.1,0.2
2026-05-29 09:27:23,352.9,5.0,41.7,27.2,38.9,20.8,30.5,15.8,26.5,26.9,26.5,26.4,26.4,13.8,26.2,0.1,0.2
2026-05-29 09:27:23,350.6,5.0,41.7,27.0,39.0,19.3,31.0,15.3,26.4,26.4,26.6,26.6,26.4,13.4,26.1,0.1,0.2
2026-05-29 09:27:24,353.0,5.1,41.5,26.8,40.1,19.3,31.2,15.3,27.4,26.6,26.4,26.4,26.9,13.5,26.1,0.1,0.2
2026-05-29 09:27:24,351.5,5.1,41.9,27.8,39.0,19.1,30.5,15.1,26.4,26.5,26.9,26.5,26.4,13.4,26.6,0.1,0.2
2026-05-29 09:27:25,353.2,5.1,40.9,27.8,40.2,19.6,30.5,16.3,26.5,26.4,26.5,27.0,26.5,13.4,26.1,0.1,0.2
2026-05-29 09:27:25,353.5,5.2,41.6,27.6,38.7,21.2,30.3,15.1,27.1,27.0,26.4,26.5,26.4,13.9,26.2,0.1,0.2
2026-05-29 09:27:26,351.7,5.0,41.7,27.2,39.5,19.2,30.6,15.1,26.4,26.4,26.8,27.1,26.6,13.4,26.1,0.1,0.2
2026-05-29 09:27:26,352.9,5.1,41.6,27.0,40.7,19.5,30.9,15.2,26.9,26.5,26.4,26.4,26.8,13.5,26.2,0.1,0.2
2026-05-29 09:27:27,353.3,5.0,41.8,27.2,39.5,19.3,31.7,15.2,26.4,26.4,26.9,26.4,26.4,13.5,27.2,0.1,0.2
2026-05-29 09:27:27,350.3,5.1,40.8,28.0,38.8,19.2,30.4,15.4,26.7,26.4,26.4,26.8,26.5,13.4,26.1,0.1,0.2
2026-05-29 09:27:28,352.8,5.1,41.7,26.8,38.6,20.9,30.7,15.6,26.8,27.0,26.5,26.4,26.3,13.8,26.3,0.1,0.2
2026-05-29 09:27:28,351.0,5.1,41.7,27.0,39.0,19.3,31.0,15.4,26.5,26.4,26.7,26.7,26.4,13.4,26.1,0.1,0.2
2026-05-29 09:27:28,353.5,5.1,41.8,27.3,40.3,19.0,30.9,15.2,26.9,26.7,26.4,26.4,27.6,13.6,26.1,0.1,0.2
2026-05-29 09:27:29,352.0,5.1,41.9,27.9,39.1,19.3,30.4,15.1,26.4,26.4,27.0,26.5,26.3,13.4,26.7,0.1,0.2
2026-05-29 09:27:29,352.9,5.1,41.7,27.7,40.3,19.3,30.8,15.7,26.5,26.4,26.4,26.9,26.4,13.4,26.1,0.1,0.2
2026-05-29 09:27:30,353.7,5.0,42.2,27.3,38.8,19.4,30.1,15.1,26.4,27.7,26.5,27.0,26.6,14.8,26.4,0.1,0.2
2026-05-29 09:27:30,351.5,5.1,41.8,27.2,39.7,19.2,30.6,15.1,26.4,26.4,26.6,26.7,26.4,13.4,26.5,0.1,0.2
2026-05-29 09:27:31,352.7,5.1,41.6,26.9,40.7,19.4,30.9,15.2,26.9,26.5,26.4,26.4,26.8,13.5,26.3,0.1,0.2
2026-05-29 09:27:31,352.9,5.1,41.2,27.5,38.8,19.4,32.0,15.2,27.1,26.9,26.7,26.4,26.4,13.4,26.6,0.1,0.2
2026-05-29 09:27:32,353.5,5.0,41.3,28.0,39.9,19.9,30.6,16.3,26.6,26.4,26.4,27.0,26.5,13.4,26.1,0.1,0.2
2026-05-29 09:27:32,351.8,5.0,41.6,27.2,39.2,19.3,31.1,15.3,26.5,26.9,26.5,26.4,26.3,13.9,26.2,0.1,0.2
2026-05-29 09:27:33,352.2,5.1,41.7,27.6,39.1,19.3,31.0,15.3,26.4,26.4,27.0,27.1,26.4,13.4,26.1,0.1,0.2
2026-05-29 09:27:33,353.2,5.1,41.7,27.5,40.6,19.1,30.8,15.2,26.9,26.5,26.4,26.5,26.8,13.5,26.2,0.1,0.2
2026-05-29 09:27:34,353.9,5.0,41.4,27.7,39.1,19.1,31.9,15.3,27.1,26.5,26.9,26.5,26.5,13.5,27.1,0.1,0.2
2026-05-29 09:27:34,351.9,5.2,41.2,28.0,39.2,19.2,30.8,15.6,26.6,26.5,26.4,26.6,26.6,13.6,26.2,0.1,0.2
2026-05-29 09:27:35,354.1,5.1,41.7,26.9,38.8,20.4,30.3,15.1,26.4,27.3,27.4,26.6,27.0,14.5,26.3,0.1,0.2
2026-05-29 09:27:35,351.3,5.1,41.8,27.0,39.7,19.3,30.7,15.2,26.4,26.4,26.8,26.5,26.3,13.4,26.1,0.1,0.5
2026-05-29 09:27:36,352.6,5.2,40.8,27.4,40.5,19.3,30.7,15.6,27.0,26.5,26.4,26.4,26.8,13.5,26.1,0.1,0.2
2026-05-29 09:27:36,351.6,5.0,42.0,27.5,38.6,19.4,30.7,15.3,26.5,26.7,26.7,26.4,26.4,13.4,26.6,0.1,0.2
2026-05-29 09:27:37,353.5,5.1,41.5,27.7,39.6,19.6,31.0,15.7,26.5,26.5,26.4,27.6,26.5,13.4,26.1,0.1,0.2
2026-05-29 09:27:37,353.5,5.0,41.9,27.2,38.6,20.9,30.7,15.9,26.5,27.0,26.6,26.4,26.4,13.9,26.2,0.1,0.2
2026-05-29 09:27:37,351.3,5.0,42.2,27.5,39.2,19.1,30.6,15.1,26.4,26.5,26.6,26.7,26.5,13.4,26.2,0.1,0.2
2026-05-29 09:27:38,353.3,5.1,41.6,27.6,40.6,19.2,30.5,15.4,27.0,26.5,26.4,26.6,26.9,13.5,26.1,0.1,0.2
2026-05-29 09:27:38,351.6,5.0,41.9,27.2,39.5,19.2,30.7,15.1,26.4,26.4,26.8,26.5,26.3,13.4,26.7,0.1,0.2
2026-05-29 09:27:39,354.3,5.1,41.5,27.2,40.3,19.3,30.9,15.6,27.2,26.5,26.4,27.4,27.0,13.5,26.3,0.1,0.2
2026-05-29 09:27:39,353.5,5.2,41.5,27.6,39.3,20.7,30.4,15.8,26.5,27.0,26.4,26.4,26.6,13.7,26.2,0.1,0.2
2026-05-29 09:27:40,351.8,5.0,41.8,26.9,39.3,19.2,31.1,15.3,26.4,26.4,27.1,26.5,26.4,13.4,26.1,0.1,0.5
2026-05-29 09:27:40,352.8,5.1,41.4,27.2,40.4,19.3,31.1,15.2,27.0,26.5,26.4,26.4,26.9,13.5,26.1,0.1,0.2
2026-05-29 09:27:41,353.8,5.1,41.7,26.9,39.0,19.6,32.0,15.3,27.1,27.0,26.7,26.5,26.4,13.5,26.7,0.1,0.2
2026-05-29 09:27:41,352.8,5.2,41.3,27.5,40.3,19.5,30.5,16.0,26.5,26.4,26.5,26.9,26.5,13.4,26.1,0.1,0.2
2026-05-29 09:27:42,353.5,5.0,41.6,27.7,38.9,20.4,30.3,15.5,26.7,27.1,26.5,26.5,26.4,14.3,26.3,0.1,0.2
2026-05-29 09:27:42,352.3,5.0,41.9,27.6,39.5,19.2,30.6,15.2,26.4,26.4,26.6,27.4,26.5,13.5,26.1,0.1,0.2
2026-05-29 09:27:43,352.6,5.1,41.5,27.8,39.9,19.2,30.1,15.0,27.1,27.1,26.5,26.4,26.8,13.5,26.2,0.1,0.2
2026-05-29 09:27:43,354.2,5.0,41.5,27.7,38.9,19.3,32.0,15.2,27.1,26.5,26.9,26.5,26.3,13.4,27.4,0.1,0.2
2026-05-29 09:27:44,351.4,5.1,40.9,28.0,39.6,19.4,30.3,15.7,26.5,26.4,26.4,26.9,26.4,13.4,26.1,0.1,0.2
2026-05-29 09:27:44,353.5,5.2,42.1,26.9,40.3,19.5,30.4,15.9,26.6,27.0,26.5,26.4,26.6,13.7,26.2,0.1,0.2
2026-05-29 09:27:45,353.2,5.0,41.4,28.4,39.1,19.5,31.0,15.2,26.5,26.4,27.3,26.9,26.4,13.4,26.5,0.1,0.2
2026-05-29 09:27:45,352.7,5.1,41.5,26.8,40.4,19.2,31.1,15.5,26.8,26.6,26.4,26.7,26.7,13.5,26.1,0.1,0.2
2026-05-29 09:27:45,351.6,6.2,41.1,27.4,38.4,19.7,30.5,15.1,26.4,26.9,26.6,26.4,26.4,13.7,26.5,0.1,0.2
2026-05-29 09:27:46,352.7,5.1,41.6,28.6,38.4,19.9,31.0,15.6,26.4,26.4,26.4,27.0,26.5,13.4,26.1,0.1,0.2
2026-05-29 09:27:46,351.0,5.4,41.0,28.0,39.4,19.0,30.1,15.1,26.6,26.7,26.4,26.4,26.8,13.6,26.2,0.1,0.2
2026-05-29 09:27:47,352.6,5.1,41.9,27.3,39.6,19.2,31.0,15.2,26.4,26.4,27.0,26.5,26.3,13.6,26.6,0.1,0.2
2026-05-29 09:27:47,353.0,5.1,41.3,27.7,40.7,19.3,30.8,15.2,26.9,26.5,26.4,26.4,26.8,13.5,26.1,0.1,0.2
2026-05-29 09:27:48,352.1,5.0,41.9,27.0,39.4,19.6,30.5,15.1,26.4,26.7,27.1,26.5,26.4,13.5,26.7,0.1,0.2
2026-05-29 09:27:48,352.8,5.0,41.6,28.5,39.2,19.7,30.6,15.7,26.6,26.4,26.4,26.9,26.4,13.4,26.1,0.1,0.2
2026-05-29 09:27:49,353.2,5.2,41.0,27.3,39.4,20.3,30.5,15.8,26.5,27.1,26.5,26.4,26.6,14.1,26.3,0.1,0.2
2026-05-29 09:27:49,350.5,5.0,41.8,26.9,39.1,19.3,30.9,15.2,26.4,26.4,26.7,26.5,26.4,13.4,26.1,0.1,0.2
2026-05-29 09:27:50,351.2,6.0,41.0,27.4,38.9,19.2,30.4,15.2,26.8,26.4,26.4,26.5,26.9,13.5,26.1,0.1,0.2
2026-05-29 09:27:50,351.2,5.1,41.2,28.4,38.9,19.2,30.5,15.1,26.3,26.6,26.6,26.4,26.4,13.4,26.6,0.1,0.2
2026-05-29 09:27:51,353.1,5.1,41.6,27.6,40.8,19.0,30.8,15.7,26.5,26.5,26.4,26.8,26.4,13.4,26.2,0.1,0.2
2026-05-29 09:27:51,353.4,5.0,41.5,27.6,39.1,20.8,30.3,15.5,26.8,27.0,26.5,26.4,26.3,13.7,26.4,0.1,0.2
2026-05-29 09:27:52,350.8,5.0,41.7,27.1,39.4,19.2,30.8,15.2,26.4,26.4,26.6,26.7,26.4,13.4,26.1,0.1,0.2
2026-05-29 09:27:52,352.9,5.1,41.6,26.9,40.7,19.4,31.0,15.3,27.0,26.5,26.4,26.4,26.8,13.5,26.1,0.1,0.2
2026-05-29 09:27:53,352.3,5.0,41.8,27.3,39.0,19.1,30.9,15.2,26.4,26.6,27.6,26.5,26.4,13.4,26.7,0.1,0.2
2026-05-29 09:27:53,352.9,5.1,41.5,26.8,40.3,19.3,31.1,15.7,26.8,26.6,26.5,26.9,26.5,13.4,26.1,0.1,0.2
2026-05-29 09:27:53,352.8,5.0,41.8,26.9,38.2,20.7,31.0,15.3,27.1,27.0,26.5,26.5,26.4,13.7,26.4,0.1,0.2
2026-05-29 09:27:54,351.5,5.5,41.0,28.1,38.7,18.8,30.5,15.7,26.5,26.4,26.4,27.2,26.6,13.4,26.1,0.1,0.2
2026-05-29 09:27:54,353.1,5.1,41.6,27.5,40.5,19.1,30.5,15.4,26.8,26.7,26.4,26.4,26.6,13.8,26.3,0.1,0.2
2026-05-29 09:27:55,354.0,5.3,41.3,27.9,38.8,19.2,31.8,15.2,26.8,26.8,27.4,26.6,26.3,13.5,26.7,0.1,0.2
2026-05-29 09:27:55,353.1,5.1,41.7,27.6,40.5,19.7,30.5,15.6,26.5,26.4,26.4,26.8,26.4,13.4,26.1,0.1,0.2
2026-05-29 09:27:56,351.3,5.1,41.0,27.7,39.3,19.3,30.2,15.1,26.4,27.3,26.5,26.4,26.3,14.0,26.2,0.1,0.2
2026-05-29 09:27:56,350.8,5.0,41.7,27.1,39.3,19.3,30.7,15.2,26.5,26.4,26.6,26.7,26.4,13.4,26.1,0.1,0.2
2026-05-29 09:27:57,353.0,5.1,40.8,27.5,40.4,19.4,31.1,15.2,26.9,26.6,26.4,26.4,27.2,13.6,26.1,0.1,0.2
2026-05-29 09:27:57,353.8,5.0,41.8,27.3,38.9,19.1,31.9,15.3,27.0,26.5,27.7,26.5,26.4,13.4,26.7,0.1,0.2
2026-05-29 09:27:58,350.1,5.1,40.9,28.0,38.6,19.1,30.5,15.6,26.4,26.4,26.4,26.9,26.5,13.4,26.1,0.1,0.2
2026-05-29 09:27:58,354.0,5.2,41.7,27.2,38.6,20.7,30.7,15.5,26.8,27.7,26.6,26.4,26.7,13.7,26.2,0.1,0.2
2026-05-29 09:27:59,351.5,5.1,41.8,27.2,38.3,19.9,31.1,15.3,26.4,26.4,26.8,26.4,26.4,13.5,26.6,0.1,0.2
2026-05-29 09:27:59,353.6,5.1,41.2,27.1,40.5,19.3,31.2,15.4,26.9,26.4,26.4,26.6,27.4,13.6,26.2,0.1,0.2
2026-05-29 09:28:00,351.7,5.0,41.9,27.9,39.0,19.7,30.3,15.1,26.3,26.9,26.4,26.4,26.4,13.4,26.6,0.1,0.2
2026-05-29 09:28:00,353.0,5.1,41.6,29.1,38.8,19.7,30.9,15.5,26.4,26.4,26.3,26.8,26.4,13.4,26.1,0.1,0.2
2026-05-29 09:28:01,354.0,5.1,41.3,27.5,40.5,19.6,30.1,15.8,26.9,27.5,26.5,26.4,26.9,13.5,26.2,0.1,0.2
2026-05-29 09:28:01,352.0,5.0,41.8,27.4,39.5,19.2,30.7,15.2,26.6,26.5,27.1,26.5,26.3,13.4,26.4,0.1,0.2
2026-05-29 09:28:01,352.7,5.1,41.6,27.2,40.4,19.3,30.9,15.2,26.9,26.5,26.5,26.4,26.8,13.5,26.1,0.1,0.2
2026-05-29 09:28:02,352.5,5.0,42.0,27.5,38.7,20.0,30.6,15.1,26.4,26.7,26.8,26.6,26.4,13.5,26.8,0.1,0.2
2026-05-29 09:28:02,354.2,5.5,41.5,27.4,39.1,19.2,30.5,16.7,26.6,27.0,26.5,27.6,26.8,13.5,26.1,0.1,0.2
2026-05-29 09:28:03,353.7,5.1,41.5,26.8,40.8,19.3,31.1,15.3,27.3,26.6,26.4,26.4,27.1,13.6,26.2,0.1,0.2
2026-05-29 09:28:03,352.4,5.0,41.4,27.1,38.3,19.2,32.2,15.4,26.4,27.1,27.1,26.5,26.4,13.4,26.6,0.1,0.2
2026-05-29 09:28:04,353.6,5.1,41.3,27.6,40.9,19.1,30.9,15.2,26.9,26.5,26.4,26.6,27.0,13.6,26.2,0.1,0.2
2026-05-29 09:28:04,352.4,6.0,41.1,28.4,38.9,19.6,30.2,15.2,26.4,26.7,26.7,26.5,26.3,13.7,26.4,0.1,0.2
2026-05-29 09:28:05,352.7,5.1,41.6,29.0,38.9,19.8,30.6,15.3,26.5,26.5,26.4,26.9,26.4,13.4,26.1,0.1,0.2
2026-05-29 09:28:05,352.6,5.0,41.4,27.2,39.4,19.1,30.1,15.1,26.4,28.2,26.5,27.1,26.8,13.7,26.2,0.1,0.2
2026-05-29 09:28:06,353.1,5.2,41.5,27.9,38.7,19.0,31.9,15.3,26.8,26.8,27.1,26.5,26.3,13.4,26.4,0.1,0.2
2026-05-29 09:28:06,353.0,5.0,41.5,27.2,40.5,19.3,31.1,15.2,26.9,26.5,26.4,26.5,26.9,13.5,26.1,0.1,0.2
2026-05-29 09:28:07,351.9,5.0,41.2,27.0,39.0,19.8,30.7,16.1,26.5,26.7,26.7,26.4,26.4,13.5,26.6,0.1,0.2
2026-05-29 09:28:07,353.2,5.1,41.5,28.3,39.2,19.6,31.1,15.9,26.6,26.4,26.4,26.9,26.4,13.4,26.2,0.1,0.2
2026-05-29 09:28:08,353.7,5.2,41.6,27.7,38.9,21.0,30.5,15.4,26.8,27.1,26.5,26.4,26.6,13.7,26.2,0.1,0.2
2026-05-29 09:28:08,353.6,5.1,41.7,28.1,39.4,19.2,30.9,15.2,26.4,26.4,27.3,26.6,27.3,13.5,26.2,0.1,0.2
2026-05-29 09:28:08,353.8,5.0,40.9,27.9,39.3,19.2,30.1,15.0,28.1,26.6,27.0,26.5,27.6,13.6,26.6,0.1,0.2
2026-05-29 09:28:09,352.1,5.0,41.9,27.4,39.1,19.5,30.8,15.2,26.6,26.5,27.0,26.5,26.3,13.4,26.6,0.1,0.2
2026-05-29 09:28:10,352.5,5.1,41.3,27.5,39.1,19.0,30.2,15.4,27.9,26.6,27.2,27.1,26.4,13.4,26.1,0.1,0.2
2026-05-29 09:28:10,353.6,5.1,41.8,26.9,38.5,21.0,30.6,15.5,26.8,27.4,26.7,26.5,26.4,14.0,26.2,0.1,0.2
2026-05-29 09:28:10,350.9,5.0,41.7,27.1,39.0,19.3,30.9,15.2,26.4,26.4,26.7,26.6,26.5,13.5,26.1,0.1,0.2
2026-05-29 09:28:11,353.3,5.1,41.5,26.8,40.1,19.4,31.2,15.3,27.3,26.5,26.4,26.4,26.9,13.7,26.3,0.1,0.2
2026-05-29 09:28:11,354.3,5.1,41.7,27.4,38.6,19.1,31.8,15.2,26.7,26.8,27.7,26.6,27.0,13.5,26.7,0.1,0.2
2026-05-29 09:28:12,353.5,5.1,41.6,29.1,39.3,19.6,30.4,15.6,26.5,26.4,26.4,27.2,26.5,13.4,26.1,0.1,0.2
2026-05-29 09:28:12,353.2,5.0,41.6,27.6,38.9,20.7,30.3,15.9,26.5,26.9,26.4,26.4,26.6,13.7,26.2,0.1,0.2
2026-05-29 09:28:13,352.2,5.0,41.7,28.2,39.7,19.2,30.6,15.1,26.5,26.4,26.8,26.5,26.3,13.4,26.1,0.1,0.2
2026-05-29 09:28:13,352.6,5.1,40.9,27.5,40.6,19.3,30.8,15.2,26.9,26.7,26.4,26.4,26.9,13.5,26.1,0.1,0.2
2026-05-29 09:28:14,350.4,5.1,41.0,27.6,38.7,19.5,30.5,15.1,26.4,26.4,26.9,26.5,26.3,13.4,26.6,0.1,0.2
2026-05-29 09:28:14,351.6,5.1,41.3,27.9,39.2,19.4,30.5,15.4,26.7,26.4,26.4,26.9,26.5,13.5,26.1,0.1,0.2
2026-05-29 09:28:15,353.0,5.1,41.3,27.2,38.4,19.5,31.5,15.5,26.5,26.6,26.5,26.8,26.8,14.8,26.3,0.1,0.2
2026-05-29 09:28:15,352.7,5.0,41.7,27.4,39.6,19.3,31.4,15.7,26.5,26.4,26.7,26.7,26.4,13.4,26.2,0.1,0.2
2026-05-29 09:28:16,352.8,5.1,41.7,27.5,40.4,19.2,30.9,15.2,26.9,26.5,26.4,26.4,26.8,13.5,26.2,0.1,0.2
2026-05-29 09:28:16,352.4,5.0,42.3,27.9,39.2,19.0,30.9,15.2,26.4,26.5,26.8,26.5,26.4,13.4,26.6,0.1,0.2
2026-05-29 09:28:17,353.8,5.0,41.3,27.6,40.4,19.3,30.8,15.5,26.8,26.5,26.4,26.7,27.4,13.5,26.2,0.1,0.2
2026-05-29 09:28:17,352.9,5.0,41.5,27.3,38.7,20.9,30.3,15.5,26.9,27.2,26.5,26.4,26.3,13.7,26.4,0.1,0.2
2026-05-29 09:28:18,352.7,5.1,41.8,28.7,38.8,19.9,30.6,15.3,26.5,26.4,26.5,26.9,26.4,13.4,26.1,0.1,0.2
2026-05-29 09:28:18,353.9,5.1,41.6,26.9,40.4,19.6,30.5,15.8,26.9,27.1,26.7,26.5,27.0,13.5,26.1,0.1,0.2
2026-05-29 09:28:18,352.9,6.0,41.1,27.8,38.9,19.5,30.7,15.1,26.4,26.4,26.8,26.4,26.5,13.4,27.4,0.1,0.2
2026-05-29 09:28:19,353.9,5.0,41.3,27.4,40.2,19.7,30.9,15.7,26.5,26.4,26.4,27.3,27.0,13.6,26.2,0.1,0.2
2026-05-29 09:28:19,352.7,5.0,41.5,27.2,38.4,21.0,30.6,15.6,26.9,26.9,26.5,26.4,26.4,13.9,26.2,0.1,0.2
2026-05-29 09:28:20,351.6,5.3,42.3,27.5,39.2,19.0,30.8,15.2,26.3,26.4,26.6,26.6,26.4,13.4,26.1,0.1,0.2
2026-05-29 09:28:20,353.2,5.1,41.6,27.6,40.4,19.1,30.8,15.3,26.9,26.5,26.4,26.5,26.9,13.5,26.2,0.1,0.2
2026-05-29 09:28:21,352.0,5.0,42.5,27.4,39.3,19.2,30.6,15.1,26.5,26.4,26.8,26.5,26.3,13.4,26.4,0.1,0.2
2026-05-29 09:28:21,352.0,5.0,41.1,26.9,39.8,19.8,30.2,15.7,27.0,26.6,26.4,26.7,26.7,13.6,26.2,0.1,0.2
2026-05-29 09:28:22,352.4,5.9,41.4,27.6,38.9,19.6,30.2,15.1,26.4,27.2,26.6,26.4,26.3,13.8,26.5,0.1,0.2
2026-05-29 09:28:22,351.0,5.1,41.9,27.1,39.2,19.4,30.7,15.3,26.4,26.4,26.4,26.8,26.6,13.4,26.1,0.1,0.2
2026-05-29 09:28:23,352.8,5.1,41.5,27.0,40.2,19.6,30.4,15.8,26.8,26.6,26.4,26.4,26.8,13.6,26.2,0.1,0.2
2026-05-29 09:28:23,351.9,5.1,42.2,26.9,39.4,19.4,31.0,15.3,26.4,26.4,26.9,26.5,26.4,13.4,26.5,0.1,0.2
2026-05-29 09:28:24,350.1,5.1,40.8,27.4,38.8,19.4,30.5,15.2,26.9,26.5,26.4,26.4,26.8,13.5,26.2,0.1,0.2
2026-05-29 09:28:24,352.6,5.1,42.2,28.1,38.7,19.9,30.5,15.1,26.4,26.8,26.7,26.5,26.4,13.4,26.6,0.1,0.2
2026-05-29 09:28:25,353.6,5.0,41.2,28.8,39.8,19.2,30.5,15.6,26.6,26.4,26.4,27.6,26.5,13.4,26.1,0.1,0.2
2026-05-29 09:28:25,354.0,5.2,41.4,27.5,39.9,20.1,30.2,15.8,26.7,27.5,26.5,26.4,26.7,13.7,26.2,0.1,0.2
2026-05-29 09:28:25,351.3,5.2,41.8,27.0,39.4,19.3,30.8,15.2,26.4,26.4,27.0,26.5,26.3,13.4,26.1,0.1,0.2
2026-05-29 09:28:26,353.4,5.1,41.3,27.2,40.6,19.3,30.9,15.2,27.3,26.6,26.5,26.5,27.0,13.5,26.1,0.1,0.2
2026-05-29 09:28:26,352.6,5.0,41.8,27.6,38.7,19.4,30.7,15.2,26.4,26.5,27.0,26.5,26.5,13.5,27.4,0.1,0.2
2026-05-29 09:28:27,353.2,5.1,41.5,27.2,40.1,19.7,30.8,15.7,26.5,26.4,26.4,27.2,26.5,13.6,26.2,0.1,0.2
2026-05-29 09:28:27,352.9,5.0,41.4,27.1,38.6,20.8,30.7,15.9,26.5,26.9,26.5,26.5,26.4,14.0,26.3,0.1,0.2
2026-05-29 09:28:28,351.0,5.0,41.8,27.5,39.2,19.1,30.8,15.2,26.4,26.5,26.6,26.6,26.4,13.4,26.2,0.1,0.2
2026-05-29 09:28:28,353.3,5.1,41.6,27.5,39.2,19.1,30.1,15.2,27.8,27.0,26.5,27.1,27.0,13.5,26.3,0.1,0.2
2026-05-29 09:28:29,352.8,5.0,43.2,27.2,39.8,19.6,30.4,15.1,26.5,26.4,26.6,26.5,26.3,13.4,26.4,0.1,0.2
2026-05-29 09:28:29,353.1,5.1,40.8,27.5,41.3,19.2,30.8,15.5,26.6,26.5,26.5,26.9,26.4,13.4,26.1,0.1,0.2
2026-05-29 09:28:30,352.7,5.0,41.6,27.2,38.6,20.9,30.4,15.5,26.8,27.0,26.5,26.5,26.4,13.7,26.4,0.1,0.2
2026-05-29 09:28:30,352.8,5.1,42.0,27.4,39.4,19.3,31.4,15.6,26.4,26.4,26.4,26.9,26.5,13.4,26.1,0.1,0.2
2026-05-29 09:28:31,353.5,5.2,41.6,27.2,40.9,19.3,30.8,15.5,27.0,26.5,26.4,26.4,26.8,13.6,26.2,0.1,0.2
2026-05-29 09:28:31,352.6,5.0,42.2,26.8,39.2,19.3,31.1,15.3,26.4,26.3,27.6,26.5,26.4,13.4,26.5,0.1,0.2
2026-05-29 09:28:32,353.2,5.1,41.3,27.7,40.9,19.1,30.9,15.2,26.9,26.6,26.3,26.6,26.6,13.5,26.2,0.1,0.2
2026-05-29 09:28:32,353.3,5.8,41.4,27.9,38.7,20.0,30.4,15.2,26.4,27.0,26.5,26.4,26.3,13.4,27.4,0.1,0.4
2026-05-29 09:28:33,351.4,5.1,40.9,28.2,38.7,19.1,30.8,15.2,26.5,26.4,26.7,27.4,26.5,13.4,26.1,0.1,0.2
2026-05-29 09:28:33,353.5,5.1,41.6,27.3,40.4,19.3,30.8,15.2,27.5,26.7,26.4,26.4,26.9,13.5,26.2,0.1,0.2
2026-05-29 09:28:33,352.5,5.1,42.0,28.1,39.2,19.7,30.2,15.1,26.4,26.9,26.8,26.5,26.3,13.4,26.7,0.1,0.2
2026-05-29 09:28:34,354.3,5.1,41.6,29.1,39.6,19.6,30.5,15.7,26.5,26.4,26.5,27.4,26.5,13.4,26.1,0.1,0.2
2026-05-29 09:28:34,354.4,5.2,41.6,27.2,40.4,19.4,30.3,15.8,26.6,26.9,26.5,26.6,26.9,14.5,26.3,0.1,0.2
2026-05-29 09:28:35,352.0,5.1,41.8,27.0,39.6,19.1,30.7,15.2,26.4,26.4,26.8,26.5,26.5,13.5,27.0,0.1,0.2
2026-05-29 09:28:35,352.5,5.1,41.5,26.8,40.4,19.2,31.1,15.2,26.9,26.5,26.4,26.6,26.6,13.5,26.3,0.1,0.2
2026-05-29 09:28:36,350.7,5.5,41.0,27.4,38.4,19.8,30.5,15.2,26.4,26.9,26.5,26.4,26.4,13.4,26.6,0.1,0.2
2026-05-29 09:28:36,352.4,5.1,41.5,28.6,38.4,19.9,31.0,15.5,26.5,26.4,26.4,26.8,26.5,13.4,26.1,0.1,0.2
2026-05-29 09:28:37,351.3,5.5,41.2,28.1,39.3,19.0,30.2,15.0,26.7,26.8,26.4,26.4,26.6,13.7,26.2,0.1,0.2
2026-05-29 09:28:37,351.4,5.1,41.9,27.3,39.4,19.2,30.6,15.2,26.4,26.5,26.9,26.5,26.3,13.4,26.4,0.1,0.2
2026-05-29 09:28:38,353.0,5.1,41.6,27.4,40.6,19.2,30.8,15.2,26.9,26.5,26.5,26.4,26.8,13.5,26.1,0.1,0.2
2026-05-29 09:28:38,352.1,5.2,42.4,27.8,38.9,19.6,30.2,15.1,26.4,26.7,26.6,26.6,26.3,13.4,26.6,0.1,0.2
2026-05-29 09:28:39,354.0,5.1,41.6,28.9,39.9,19.9,30.6,15.7,26.5,26.4,26.4,26.8,26.5,13.5,26.1,0.1,0.2
2026-05-29 09:28:39,353.5,5.5,40.9,27.6,39.7,20.4,30.5,15.8,26.5,26.9,26.5,26.4,26.6,13.6,26.3,0.1,0.2
2026-05-29 09:28:40,350.9,5.0,41.8,26.9,39.0,19.5,31.1,15.3,26.4,26.4,26.8,26.5,26.4,13.4,26.1,0.1,0.2
2026-05-29 09:28:40,353.1,5.1,41.5,26.8,40.1,19.4,31.3,15.3,27.3,26.6,26.4,26.4,26.9,13.5,26.1,0.1,0.2
2026-05-29 09:28:41,352.9,5.1,42.0,28.3,38.7,19.2,30.5,15.3,26.4,26.5,27.7,26.5,26.4,13.4,26.7,0.1,0.2
2026-05-29 09:28:41,353.8,5.1,41.3,27.9,40.6,19.6,30.5,15.7,26.7,26.5,26.4,27.3,26.5,13.4,26.1,0.1,0.2
2026-05-29 09:28:41,353.3,5.0,41.5,27.6,38.9,20.6,30.3,15.8,26.5,26.9,26.6,26.5,26.4,14.0,26.3,0.1,0.2
2026-05-29 09:28:42,352.8,5.0,42.1,27.9,39.0,19.8,30.7,15.1,26.4,26.4,26.8,27.2,26.5,13.4,26.1,0.1,0.2
2026-05-29 09:28:42,352.7,5.0,41.7,26.9,40.4,19.5,30.9,15.2,26.9,26.5,26.4,26.4,26.9,13.6,26.2,0.1,0.2
2026-05-29 09:28:43,352.2,5.0,41.6,27.3,38.8,19.8,31.1,15.2,26.4,26.4,26.8,26.4,26.5,13.4,27.1,0.1,0.2
2026-05-29 09:28:43,354.2,5.1,41.2,27.1,40.2,19.3,31.1,15.6,27.6,26.6,27.0,27.0,26.5,13.4,26.1,0.1,0.2
2026-05-29 09:28:44,352.7,5.2,41.5,26.8,38.6,20.9,30.7,15.8,26.5,27.0,26.4,26.4,26.6,13.6,26.2,0.1,0.2
2026-05-29 09:28:44,352.7,5.0,41.7,27.0,38.9,19.3,31.1,15.3,26.4,26.4,27.1,27.4,26.8,13.8,26.2,0.1,0.2
2026-05-29 09:28:45,352.4,5.1,40.8,27.4,40.1,19.3,31.2,15.4,27.0,26.5,26.4,26.4,26.8,13.5,26.1,0.1,0.2
2026-05-29 09:28:45,353.4,5.0,42.4,28.4,38.9,19.4,30.4,15.1,26.4,26.5,26.9,26.5,26.3,13.4,27.4,0.1,0.2
2026-05-29 09:28:46,353.6,5.0,41.2,28.1,41.0,19.6,30.5,15.6,26.5,26.4,26.5,26.9,26.4,13.4,26.1,0.1,0.2
2026-05-29 09:28:46,352.5,5.2,41.5,27.2,38.9,20.5,30.3,15.1,27.1,27.1,26.4,26.5,26.4,13.7,26.4,0.1,0.2
2026-05-29 09:28:47,351.4,5.1,41.7,27.4,39.2,19.6,30.8,15.2,26.4,26.4,26.6,26.7,26.5,13.4,26.1,0.1,0.2
2026-05-29 09:28:47,351.1,5.1,40.8,27.7,39.7,19.3,30.3,15.0,26.9,26.5,26.4,26.3,26.8,13.5,26.2,0.1,0.2
2026-05-29 09:28:48,351.7,5.1,41.8,27.3,38.9,19.3,31.1,15.2,26.4,26.4,27.0,26.5,26.4,13.4,26.6,0.1,0.2
2026-05-29 09:28:48,353.3,5.1,41.5,26.8,40.1,19.5,31.3,15.7,27.1,26.5,26.4,27.0,26.5,13.4,26.1,0.1,0.2
2026-05-29 09:28:49,353.0,5.0,41.4,27.1,38.2,20.8,31.1,15.5,26.5,26.9,26.9,26.5,26.5,13.8,26.5,0.1,0.2
2026-05-29 09:28:49,352.1,5.0,41.8,27.9,39.3,19.1,30.5,15.3,26.6,26.5,26.4,27.3,26.5,13.4,26.2,0.1,0.2
2026-05-29 09:28:50,353.1,5.1,41.6,27.3,40.1,19.6,30.2,15.8,26.9,26.7,26.6,26.4,26.6,13.7,26.3,0.1,0.2
2026-05-29 09:28:50,353.0,5.0,41.5,27.6,38.7,19.1,30.6,15.1,26.4,26.4,27.9,27.0,26.8,13.6,27.0,0.1,0.2
2026-05-29 09:28:50,352.4,5.0,41.4,27.2,39.3,19.1,30.1,15.1,28.0,26.6,27.0,26.5,27.0,13.5,26.1,0.1,0.2
2026-05-29 09:28:51,353.3,5.0,41.4,27.2,38.7,20.3,31.3,15.2,27.1,27.1,26.5,26.3,26.5,13.5,26.7,0.1,0.2
2026-05-29 09:28:51,352.0,5.0,41.3,27.6,38.7,19.1,30.4,15.6,26.5,26.4,26.4,27.9,26.5,13.4,26.8,0.1,0.2
2026-05-29 09:28:52,352.2,5.4,42.5,27.6,38.9,19.2,30.5,15.2,26.4,26.9,26.5,26.4,26.6,13.7,26.2,0.1,0.2
2026-05-29 09:28:52,350.8,5.1,41.8,26.9,38.9,19.3,31.0,15.4,26.4,26.4,26.9,26.4,26.4,13.4,26.1,0.1,0.2
2026-05-29 09:28:53,351.8,5.1,42.0,27.4,40.0,19.1,30.1,15.0,27.0,26.6,26.4,26.4,26.9,13.5,26.2,0.1,0.2
2026-05-29 09:28:53,352.6,5.1,42.4,28.3,39.0,19.4,30.4,15.1,26.4,26.8,26.7,26.5,26.3,13.4,26.6,0.1,0.2
2026-05-29 09:28:54,353.1,5.2,41.6,27.5,40.4,19.2,30.9,15.8,26.4,26.4,26.5,26.9,26.4,13.4,26.1,0.1,0.2
2026-05-29 09:28:54,353.2,5.0,41.8,27.3,39.1,20.6,30.3,15.8,26.5,27.0,26.5,26.5,26.4,13.9,26.2,0.1,0.2
2026-05-29 09:28:55,351.3,5.0,41.7,27.3,38.7,19.8,30.8,15.1,26.4,26.5,26.8,26.7,26.4,13.5,26.2,0.1,0.2
2026-05-29 09:28:55,352.8,5.1,41.7,26.9,40.5,19.4,31.1,15.2,26.9,26.5,26.4,26.4,26.8,13.5,26.2,0.1,0.2
2026-05-29 09:28:56,351.5,5.0,41.8,27.6,38.4,19.3,31.0,15.3,26.4,26.4,26.8,26.5,26.4,13.5,26.7,0.1,0.2
2026-05-29 09:28:56,353.3,5.1,41.5,27.1,39.7,19.4,31.5,15.7,26.7,26.4,26.4,27.2,26.5,13.4,26.1,0.1,0.2
2026-05-29 09:28:57,353.7,5.0,41.5,27.7,38.6,20.6,30.3,15.5,26.9,27.9,26.5,26.4,26.4,14.0,26.2,0.1,0.2
2026-05-29 09:28:57,353.6,5.0,41.3,29.7,38.7,19.7,30.8,15.2,26.5,26.5,26.7,27.1,26.5,13.4,26.1,0.1,0.2
2026-05-29 09:28:57,353.1,5.1,41.3,27.5,40.6,19.4,30.1,15.8,27.0,26.5,26.5,26.4,26.8,13.5,26.2,0.1,0.2
2026-05-29 09:28:58,352.3,5.0,41.9,27.5,39.3,19.3,30.6,15.2,26.4,26.4,26.9,26.6,26.4,13.4,27.0,0.1,0.2
2026-05-29 09:28:58,352.5,5.1,41.3,27.3,40.5,19.2,30.9,15.2,26.9,26.5,26.4,26.6,26.7,13.5,26.1,0.1,0.2
2026-05-29 09:28:59,351.9,5.1,41.8,26.9,39.3,19.4,30.3,15.1,26.4,26.9,26.5,26.4,26.5,14.4,26.9,0.1,0.2
2026-05-29 09:28:59,350.8,5.1,41.7,27.0,39.3,19.3,30.9,15.2,26.4,26.4,26.6,26.6,26.4,13.4,26.1,0.1,0.2
2026-05-29 09:29:00,352.1,5.1,40.8,27.4,40.2,19.3,31.2,15.3,26.9,26.5,26.4,26.4,26.8,13.5,26.1,0.1,0.2
2026-05-29 09:29:00,351.7,5.0,42.2,27.3,38.6,19.2,31.1,15.4,26.4,26.4,26.9,26.5,26.3,13.4,26.6,0.1,0.2
2026-05-29 09:29:01,353.5,5.1,41.6,27.7,40.3,19.1,31.1,15.6,26.8,26.6,26.3,26.7,26.7,13.5,26.2,0.1,0.2
2026-05-29 09:29:01,353.6,5.2,41.7,27.4,38.9,19.0,30.7,15.2,26.7,28.1,26.6,27.1,26.8,13.7,26.2,0.1,0.2
2026-05-29 09:29:02,351.8,5.4,42.0,27.3,39.4,19.2,30.7,15.2,26.4,26.4,27.1,26.6,26.3,13.4,26.1,0.1,0.2
2026-05-29 09:29:02,355.0,5.2,41.4,27.7,40.5,19.2,30.8,15.2,27.4,27.2,26.9,26.6,26.9,13.5,26.2,0.1,0.2
2026-05-29 09:29:03,354.0,5.1,41.1,28.5,39.0,20.8,30.3,15.5,26.8,27.0,26.5,26.4,26.4,13.9,26.5,0.1,0.2
2026-05-29 09:29:03,352.3,5.1,41.8,27.7,39.6,19.2,31.0,15.2,26.4,26.4,26.7,26.7,26.4,13.5,26.2,0.1,0.2
2026-05-29 09:29:04,353.4,5.1,41.1,27.8,39.7,19.2,30.1,15.0,28.1,26.6,26.7,26.8,26.9,13.5,26.3,0.1,0.2
2026-05-29 09:29:04,352.7,5.0,42.4,26.9,39.5,19.8,30.5,15.1,26.4,26.4,27.2,26.5,26.3,13.4,26.7,0.1,0.2
2026-05-29 09:29:05,353.4,5.1,40.8,27.8,40.1,19.6,30.9,15.5,27.4,26.6,26.4,26.9,26.5,13.4,26.1,0.1,0.2
2026-05-29 09:29:05,353.5,5.0,41.4,27.2,38.3,21.2,30.7,15.7,26.9,27.1,26.5,26.4,26.4,14.2,26.3,0.1,0.2
2026-05-29 09:29:06,352.3,5.0,41.7,27.0,39.3,19.3,31.2,16.0,26.5,26.5,26.8,26.7,26.4,13.4,26.1,0.1,0.2
2026-05-29 09:29:06,353.3,5.1,41.7,27.5,40.5,19.0,30.8,15.2,26.9,26.7,26.5,26.4,26.9,13.5,26.2,0.1,0.2
2026-05-29 09:29:06,351.4,5.0,42.0,27.3,39.3,19.2,30.6,15.2,26.4,26.4,26.8,26.6,26.4,13.4,26.5,0.1,0.2
2026-05-29 09:29:07,353.3,5.1,41.6,27.4,40.7,19.3,30.8,15.2,27.0,26.5,26.4,26.8,26.7,13.5,26.2,0.1,0.2
2026-05-29 09:29:07,354.0,5.2,41.1,27.6,39.0,20.9,30.3,15.1,27.1,27.1,26.4,26.4,26.3,13.7,27.4,0.1,0.2
2026-05-29 09:29:08,351.4,5.1,41.7,27.3,39.7,19.2,30.7,15.2,26.4,26.4,26.6,26.7,26.4,13.4,26.3,0.1,0.2
2026-05-29 09:29:08,352.4,5.1,41.6,26.9,40.5,19.5,30.9,15.2,26.9,26.5,26.4,26.4,26.8,13.5,26.1,0.1,0.2
2026-05-29 09:29:09,353.6,5.0,41.8,27.3,39.0,19.1,30.9,15.2,26.4,27.2,26.7,27.0,26.5,13.4,27.6,0.1,0.2
2026-05-29 09:29:09,351.7,5.0,41.5,27.5,39.7,19.3,30.5,15.4,26.7,26.5,26.4,26.8,26.5,13.4,26.1,0.1,0.2
2026-05-29 09:29:10,352.5,5.1,41.7,26.9,38.2,20.9,30.6,15.6,26.8,27.1,26.5,26.4,26.3,13.7,26.4,0.1,0.2
2026-05-29 09:29:10,352.1,5.2,41.0,28.6,38.7,19.6,31.2,15.2,26.3,26.4,26.5,27.0,26.5,13.4,26.1,0.1,0.2
2026-05-29 09:29:11,351.6,5.1,41.2,27.5,39.5,19.1,30.8,15.2,26.9,26.5,26.3,26.4,26.9,13.5,26.2,0.1,0.2
2026-05-29 09:29:11,352.5,5.1,42.2,27.5,39.4,19.2,30.6,15.1,26.4,26.4,27.2,26.6,26.3,13.5,26.5,0.1,0.2
2026-05-29 09:29:12,353.2,5.3,40.9,27.6,41.2,19.2,30.8,15.2,26.9,26.5,26.4,26.7,26.6,13.5,26.3,0.1,0.2
2026-05-29 09:29:12,352.3,6.0,41.1,27.5,39.0,19.9,30.3,15.1,26.4,27.3,26.5,26.4,26.3,13.8,26.4,0.1,0.2
2026-05-29 09:29:13,353.4,5.1,41.5,28.7,38.7,19.9,30.9,16.1,26.5,26.4,26.4,26.9,26.5,13.4,26.1,0.1,0.2
2026-05-29 09:29:13,353.9,5.1,41.2,27.1,40.0,19.6,30.5,16.0,27.0,26.7,26.4,26.4,27.0,14.2,26.3,0.1,0.2
2026-05-29 09:29:14,351.2,5.0,41.6,27.2,39.1,19.3,31.0,15.3,26.4,26.5,26.7,26.7,26.4,13.4,26.4,0.1,0.2
2026-05-29 09:29:14,353.7,5.1,41.5,26.8,40.0,19.3,31.2,15.4,26.9,26.6,26.6,26.4,27.8,13.6,26.2,0.1,0.2
2026-05-29 09:29:14,352.5,5.0,42.2,28.0,38.6,19.5,30.2,15.1,26.4,26.7,26.6,26.6,26.4,13.4,27.4,0.1,0.2
2026-05-29 09:29:15,353.3,5.1,41.6,29.0,39.3,19.7,30.2,15.6,26.5,26.4,26.3,27.0,26.5,13.5,26.2,0.1,0.2
2026-05-29 09:29:15,353.8,5.2,41.6,27.8,39.7,20.3,30.2,15.8,26.5,26.9,26.5,26.4,26.6,13.7,26.3,0.1,0.2
2026-05-29 09:29:16,350.6,5.1,41.7,27.2,38.7,19.1,30.6,15.2,26.4,26.4,26.8,26.5,26.3,13.4,26.8,0.1,0.2
2026-05-29 09:29:16,352.3,5.1,41.6,26.9,40.5,19.2,30.9,15.2,26.9,26.5,26.4,26.6,26.6,13.5,26.1,0.1,0.2
2026-05-29 09:29:17,351.8,5.1,42.3,26.9,39.3,19.8,30.3,15.2,26.4,26.9,26.5,26.4,26.3,13.4,26.6,0.1,0.2
2026-05-29 09:29:17,352.0,5.1,41.0,28.0,39.1,19.7,31.1,15.5,26.5,26.4,26.4,26.8,26.5,13.4,26.1,0.1,0.2
2026-05-29 09:29:18,352.6,5.1,41.6,26.8,40.1,19.4,30.8,15.7,26.8,26.8,26.5,26.4,26.7,13.7,26.2,0.1,0.2
2026-05-29 09:29:18,351.9,5.2,41.9,26.9,38.9,19.3,31.4,15.4,26.4,26.3,27.1,26.5,26.4,13.4,26.5,0.1,0.2
2026-05-29 09:29:19,351.3,5.1,41.2,28.1,38.9,19.2,30.6,15.2,26.9,26.6,26.4,26.4,27.0,13.5,26.2,0.1,0.2
2026-05-29 09:29:19,353.1,5.1,42.1,28.3,39.0,19.7,30.2,15.1,26.4,26.7,27.0,26.6,26.3,13.5,26.8,0.1,0.2
2026-05-29 09:29:20,354.8,5.0,41.6,28.9,39.4,19.5,30.5,15.6,26.5,26.4,26.4,27.7,26.7,13.4,26.8,0.1,0.2
2026-05-29 09:29:20,353.3,5.1,41.6,27.2,40.6,19.3,30.9,15.2,26.7,26.7,26.4,26.4,27.2,13.6,26.1,0.1,0.2
2026-05-29 09:29:21,352.3,5.0,41.9,26.9,39.7,19.2,30.8,15.2,26.4,26.4,27.6,26.6,26.3,13.4,26.5,0.1,0.2
2026-05-29 09:29:21,352.8,5.1,41.3,27.2,40.4,19.2,31.0,15.3,27.0,26.6,26.4,26.8,26.7,13.5,26.1,0.1,0.2
2026-05-29 09:29:22,351.4,6.0,41.1,27.6,38.6,19.6,30.5,15.1,26.4,27.0,26.5,26.4,26.4,13.4,26.6,0.1,0.2
2026-05-29 09:29:22,352.7,5.1,41.5,28.6,38.5,19.8,30.9,15.4,26.4,26.6,26.5,26.9,26.5,13.5,26.1,0.1,0.2
2026-05-29 09:29:22,355.0,5.2,42.2,26.8,39.9,20.3,30.6,15.9,26.9,26.6,26.5,26.5,27.3,13.9,26.2,0.1,0.2
2026-05-29 09:29:23,351.5,5.1,41.9,27.2,38.6,19.3,30.9,15.3,26.4,26.4,26.9,26.6,26.5,13.4,26.7,0.1,0.2
2026-05-29 09:29:23,353.1,5.1,41.6,27.4,40.7,19.1,30.8,15.5,26.6,26.5,26.3,26.8,26.4,13.5,26.2,0.1,0.2
2026-05-29 09:29:24,354.0,5.0,41.4,27.2,39.6,21.1,30.3,15.4,26.9,27.0,26.5,26.4,26.3,13.9,26.6,0.1,0.2
2026-05-29 09:29:24,352.8,5.0,41.3,29.4,39.0,19.8,30.8,15.1,26.4,26.4,26.4,26.8,26.4,13.4,26.1,0.1,0.2
2026-05-29 09:29:25,354.4,5.8,41.0,27.5,40.7,19.3,30.6,15.5,27.2,27.1,26.5,26.4,26.8,13.5,26.1,0.1,0.2
2026-05-29 09:29:25,352.0,5.1,41.9,27.7,38.8,19.5,30.8,15.3,26.4,26.4,27.0,26.5,26.3,13.4,26.6,0.1,0.2
2026-05-29 09:29:26,353.8,5.1,41.6,27.2,40.4,19.6,30.6,15.9,27.4,26.5,26.4,26.9,26.4,13.4,26.1,0.1,0.2
2026-05-29 09:29:26,353.6,5.1,41.5,26.9,39.6,19.2,30.2,15.1,26.7,27.8,26.6,27.1,27.3,14.1,26.3,0.1,0.2
2026-05-29 09:29:27,351.1,5.2,41.9,26.9,39.2,19.2,30.9,15.2,26.4,26.4,26.9,26.5,26.4,13.4,26.4,0.1,0.2
2026-05-29 09:29:27,351.0,5.1,41.0,27.5,38.9,19.2,30.4,15.2,26.9,26.5,26.4,26.4,27.4,13.6,26.1,0.1,0.2
2026-05-29 09:29:28,353.6,5.1,41.9,27.7,38.4,20.0,31.3,15.3,26.4,26.7,26.7,26.4,26.3,13.5,27.5,0.1,0.2
2026-05-29 09:29:28,353.9,5.1,41.3,29.9,38.8,19.6,30.3,15.6,26.4,26.4,26.5,27.3,26.6,13.4,26.2,0.1,0.2
2026-05-29 09:29:29,353.2,5.2,41.4,27.6,39.5,20.5,30.3,15.5,26.8,27.0,26.5,26.4,26.6,13.7,26.2,0.1,0.2
2026-05-29 09:29:29,353.0,5.0,41.1,27.8,39.3,19.1,32.1,15.2,26.4,27.1,27.0,26.5,26.4,13.5,26.2,0.1,0.2
2026-05-29 09:29:29,352.4,5.0,40.9,27.5,40.6,19.3,30.8,15.2,27.1,26.6,26.3,26.4,26.8,13.5,26.2,0.1,0.2
2026-05-29 09:29:30,352.3,5.1,42.5,26.9,39.4,19.6,30.5,15.1,26.6,26.5,26.9,26.5,26.3,13.4,26.6,0.1,0.2
2026-05-29 09:29:31,353.8,5.1,41.2,27.5,40.4,19.7,30.8,15.4,26.6,26.5,26.5,27.3,26.9,13.5,26.1,0.1,0.2
2026-05-29 09:29:31,352.9,5.0,41.5,27.2,38.3,21.0,30.6,15.5,26.8,27.0,26.6,26.5,26.4,13.7,26.4,0.1,0.2
2026-05-29 09:29:31,352.4,5.0,41.3,29.0,38.4,19.9,31.1,15.3,26.4,26.4,26.6,26.6,26.5,13.5,26.1,0.1,0.2
2026-05-29 09:29:32,353.3,5.1,41.7,27.4,40.9,19.0,30.5,15.5,26.9,26.5,26.4,26.4,26.8,13.6,26.3,0.1,0.2
2026-05-29 09:29:32,353.6,5.0,41.8,27.7,38.7,19.5,31.7,15.3,27.0,26.6,26.9,26.5,26.4,13.4,26.6,0.1,0.2
2026-05-29 09:29:33,352.7,5.0,41.3,27.6,40.4,19.3,30.9,15.5,26.7,26.5,26.4,26.6,26.6,13.5,26.2,0.1,0.2
2026-05-29 09:29:33,353.6,5.0,41.6,27.1,39.7,21.0,30.3,15.4,26.9,27.0,26.4,26.4,26.3,13.7,26.4,0.1,0.2
2026-05-29 09:29:34,353.5,5.0,41.5,29.0,38.8,19.9,30.6,15.3,26.5,26.4,26.4,27.6,26.5,13.4,26.1,0.1,0.2
2026-05-29 09:29:34,353.2,5.1,40.8,27.4,40.5,19.2,30.8,15.5,26.9,27.2,26.5,26.4,27.0,13.5,26.1,0.1,0.2
2026-05-29 09:29:35,351.3,5.0,41.2,27.8,39.2,19.2,30.9,15.2,26.4,26.4,26.8,26.5,26.4,13.4,26.4,0.1,0.2
2026-05-29 09:29:35,353.3,5.1,41.0,27.5,40.1,19.3,31.1,15.3,26.9,26.5,26.4,26.8,27.2,13.6,26.1,0.1,0.2
2026-05-29 09:29:36,351.6,5.6,41.5,27.4,38.5,19.8,30.6,15.2,26.4,26.8,26.5,26.3,26.4,13.4,26.8,0.1,0.2
2026-05-29 09:29:36,352.0,5.3,41.0,28.8,39.7,19.1,30.1,15.6,26.4,26.5,26.3,26.8,26.4,13.5,26.2,0.1,0.2
2026-05-29 09:29:37,353.2,5.2,41.6,27.3,40.2,19.6,30.4,15.1,27.5,26.8,26.4,26.4,26.6,13.7,26.2,0.1,0.2
2026-05-29 09:29:37,351.8,5.0,41.9,27.3,39.7,19.2,30.8,15.3,26.4,26.4,26.9,26.5,26.3,13.4,26.4,0.1,0.2
2026-05-29 09:29:37,352.4,5.1,40.8,27.5,40.6,19.3,30.8,15.2,27.0,26.5,26.3,26.4,26.8,13.5,26.1,0.1,0.2
2026-05-29 09:29:38,351.7,5.0,42.0,27.8,38.7,19.4,30.6,15.1,26.5,26.8,26.7,26.4,26.4,13.4,26.6,0.1,0.2
2026-05-29 09:29:39,353.7,5.1,41.5,27.7,40.0,19.8,30.5,15.6,26.5,26.4,26.5,27.6,26.5,13.4,26.1,0.1,0.2
2026-05-29 09:29:39,352.9,5.0,41.5,27.2,38.6,20.6,30.7,15.8,26.6,26.9,26.4,26.6,26.4,13.9,26.2,0.1,0.2
2026-05-29 09:29:39,351.6,5.1,41.7,27.6,39.1,19.3,31.1,15.3,26.4,26.4,26.7,26.6,26.4,13.6,26.2,0.1,0.2
2026-05-29 09:29:40,353.7,5.1,41.6,27.3,40.5,19.6,30.8,15.2,27.2,26.5,26.4,26.4,26.8,13.7,26.3,0.1,0.2
2026-05-29 09:29:40,351.9,5.0,41.9,28.3,38.8,19.5,30.5,15.1,26.4,26.4,26.8,26.5,26.3,13.4,26.6,0.1,0.2
2026-05-29 09:29:41,351.8,5.1,41.2,27.9,39.3,19.2,30.9,15.6,26.7,26.5,26.4,26.8,26.4,13.4,26.1,0.1,0.2
2026-05-29 09:29:41,353.4,5.1,41.4,27.2,38.8,19.4,31.8,15.3,27.2,27.5,26.5,26.4,26.3,13.8,26.4,0.1,0.2
2026-05-29 09:29:42,350.9,5.0,41.7,27.1,39.3,19.4,30.8,15.2,26.4,26.5,26.4,26.9,26.5,13.4,26.1,0.1,0.2
2026-05-29 09:29:42,353.2,5.1,41.5,26.8,40.4,19.2,31.1,15.2,26.9,26.5,26.5,26.5,27.4,13.6,26.1,0.1,0.2
2026-05-29 09:29:43,351.2,5.0,42.0,26.9,39.0,19.2,30.9,15.3,26.4,26.4,26.8,26.5,26.4,13.4,26.7,0.1,0.2
2026-05-29 09:29:43,353.4,5.1,41.4,27.3,40.1,19.4,31.2,15.3,26.9,26.4,26.4,26.6,27.1,13.6,26.3,0.1,0.2
2026-05-29 09:29:44,352.0,6.2,41.2,28.0,38.8,19.5,30.2,15.1,26.4,26.9,26.4,26.4,26.4,13.7,26.5,0.1,0.2
2026-05-29 09:29:44,353.2,5.1,41.6,29.5,39.0,19.8,30.6,15.3,26.4,26.4,26.4,26.8,26.4,13.4,26.1,0.1,0.2
2026-05-29 09:29:45,351.9,5.1,40.9,28.3,39.4,19.1,30.2,15.1,27.1,27.1,26.4,26.4,26.8,13.5,26.1,0.1,0.2
2026-05-29 09:29:45,351.9,5.1,41.9,27.7,39.1,19.1,30.9,15.2,26.4,26.4,26.9,26.5,26.3,13.4,26.6,0.1,0.2
2026-05-29 09:29:46,353.4,5.1,41.6,27.2,41.1,19.7,30.5,15.5,26.8,26.5,26.4,26.9,26.4,13.4,26.1,0.1,0.2
2026-05-29 09:29:46,353.0,5.0,41.5,27.2,38.7,20.9,30.4,15.1,27.3,27.2,26.5,26.4,26.3,13.9,26.2,0.1,0.2
2026-05-29 09:29:46,352.3,5.1,41.7,27.5,39.4,19.3,30.9,15.2,26.4,26.4,26.5,27.6,26.5,13.4,26.1,0.1,0.2
2026-05-29 09:29:47,352.6,5.1,41.6,26.9,40.1,19.3,31.1,15.3,26.9,26.5,26.4,26.6,27.0,13.5,26.1,0.1,0.2
2026-05-29 09:29:47,352.4,5.1,41.8,26.9,39.0,19.4,31.7,15.4,26.4,26.3,27.0,26.4,26.4,13.5,26.5,0.3,0.2
2026-05-29 09:29:48,353.1,5.1,41.3,27.7,40.6,19.1,30.8,15.2,26.9,26.6,26.3,26.6,26.6,13.6,26.3,0.1,0.2
2026-05-29 09:29:48,352.3,6.0,41.1,27.9,38.7,20.1,30.3,15.1,26.4,26.9,26.7,26.5,26.3,13.7,26.4,0.1,0.2
2026-05-29 09:29:49,352.9,5.0,41.3,29.4,38.9,19.4,31.0,15.4,26.4,26.4,26.4,26.8,26.4,13.4,26.1,0.1,0.2
2026-05-29 09:29:49,353.5,5.0,41.3,27.2,39.0,20.8,30.3,15.7,26.9,27.1,26.5,26.4,27.0,13.5,26.1,0.1,0.2
2026-05-29 09:29:50,351.1,5.0,41.8,26.9,39.5,19.2,30.7,15.2,26.4,26.5,26.9,26.5,26.3,13.4,26.4,0.1,0.2
2026-05-29 09:29:50,352.9,5.1,40.8,27.4,40.4,19.2,31.1,15.2,26.9,26.5,26.5,26.4,27.2,13.6,26.2,0.1,0.2
2026-05-29 09:29:51,351.5,5.0,42.2,26.9,39.0,19.8,30.5,15.2,26.4,26.7,26.6,26.5,26.4,13.4,26.6,0.1,0.2
2026-05-29 09:29:51,352.9,5.1,41.7,28.5,38.8,20.0,30.6,15.7,26.5,26.4,26.4,26.8,26.5,13.4,26.1,0.1,0.2
2026-05-29 09:29:52,353.5,5.2,41.4,27.8,39.8,20.2,30.3,15.8,26.5,26.9,26.5,26.4,26.6,13.7,26.3,0.1,0.2
2026-05-29 09:29:52,351.2,5.0,41.9,27.3,39.4,19.3,30.7,15.2,26.4,26.4,26.9,26.5,26.3,13.4,26.1,0.1,0.2
2026-05-29 09:29:53,353.1,5.1,41.5,27.8,40.6,19.3,30.4,15.1,26.9,26.9,26.4,26.4,26.8,13.5,26.1,0.1,0.2
2026-05-29 09:29:53,352.7,5.0,41.4,27.3,38.7,19.5,31.7,15.3,27.1,26.6,26.9,26.5,26.3,13.4,26.6,0.1,0.2
2026-05-29 09:29:54,353.0,5.1,41.6,27.2,40.5,19.3,31.0,15.7,26.6,26.4,26.4,26.9,26.4,13.4,26.1,0.1,0.2
2026-05-29 09:29:54,352.8,5.0,41.7,26.9,38.5,20.9,30.5,15.5,26.7,27.2,26.6,26.4,26.4,13.9,26.2,0.1,0.2
2026-05-29 09:29:54,351.5,5.0,41.7,27.4,39.1,19.3,31.0,15.3,26.4,26.4,26.6,26.8,26.5,13.4,26.1,0.1,0.2
2026-05-29 09:29:55,352.7,5.1,41.6,26.9,40.0,19.3,30.9,15.6,27.0,26.5,26.4,26.5,27.0,13.5,26.1,0.1,0.2
2026-05-29 09:29:55,352.8,5.1,42.0,28.1,39.1,18.9,31.1,15.2,26.3,26.5,27.0,26.5,26.4,13.5,26.7,0.1,0.2
2026-05-29 09:29:56,350.7,5.1,41.3,27.7,39.3,19.2,30.1,15.1,26.9,26.5,26.4,26.7,26.6,13.5,26.3,0.1,0.2
2026-05-29 09:29:56,352.1,5.4,41.1,28.1,38.7,19.7,30.3,15.1,26.4,27.3,26.5,26.4,26.3,13.9,26.5,0.1,0.2
2026-05-29 09:29:57,352.6,5.0,41.3,29.1,39.0,19.8,30.5,15.5,26.4,26.4,26.3,26.9,26.4,13.4,26.1,0.1,0.2
2026-05-29 09:29:57,353.4,5.1,41.5,26.9,40.9,19.3,30.5,15.5,26.9,26.7,26.4,26.4,27.2,13.6,26.1,0.1,0.2
2026-05-29 09:29:58,351.4,5.1,41.8,27.6,38.8,19.6,30.5,15.1,26.4,26.5,26.9,26.5,26.3,13.4,26.6,0.1,0.2
2026-05-29 09:29:58,352.6,5.1,41.5,27.2,40.3,19.6,30.8,15.6,26.5,26.4,26.5,26.9,26.5,13.4,26.1,0.1,0.2
2026-05-29 09:29:59,353.1,5.0,41.3,26.8,39.0,21.1,30.7,15.5,26.8,27.0,26.5,26.5,26.4,13.9,26.2,0.1,0.2
2026-05-29 09:29:59,351.0,5.0,41.8,27.1,39.0,19.3,31.0,15.3,26.4,26.4,26.6,26.6,26.5,13.4,26.1,0.1,0.2
2026-05-29 09:30:00,352.8,5.1,41.7,27.4,40.5,19.0,30.9,15.2,26.8,26.5,26.4,26.3,26.8,13.5,26.2,0.1,0.2
2026-05-29 09:30:00,352.9,5.6,42.1,28.0,39.4,19.1,30.7,15.2,26.4,26.4,26.8,26.5,26.3,13.4,26.6,0.1,0.2
2026-05-29 09:30:01,354.1,5.0,41.3,27.6,40.6,19.3,31.2,15.5,27.4,26.6,26.4,26.9,26.4,13.4,26.1,0.1,0.2
2026-05-29 09:30:01,353.8,5.0,41.4,27.4,38.8,21.0,30.4,15.2,27.1,27.0,26.5,26.4,26.3,13.7,27.2,0.1,0.2
2026-05-29 09:30:02,351.7,5.0,41.7,27.5,39.5,19.3,30.6,15.5,26.6,26.4,26.4,26.9,26.4,13.4,26.1,0.1,0.2
2026-05-29 09:30:02,353.4,5.1,41.5,26.9,40.5,19.7,30.6,15.8,26.8,26.8,26.5,26.4,26.9,13.5,26.1,0.1,0.2
2026-05-29 09:30:02,353.9,5.0,42.3,27.3,39.0,19.5,31.6,15.7,26.8,26.5,27.1,26.6,26.4,13.4,26.4,0.1,0.2
2026-05-29 09:30:03,353.6,5.1,41.6,27.2,40.0,19.7,30.8,15.7,26.5,26.4,26.4,27.4,26.9,13.5,26.1,0.1,0.2
2026-05-29 09:30:03,354.4,5.0,41.7,27.3,38.7,21.1,30.7,15.6,26.8,27.4,26.5,26.4,26.3,14.2,26.3,0.1,0.2
2026-05-29 09:30:04,351.4,5.1,41.9,26.9,39.0,19.4,31.0,15.3,26.4,26.4,26.8,26.4,26.4,13.6,26.5,0.1,0.2
2026-05-29 09:30:04,351.9,5.1,41.1,27.2,38.9,19.4,31.2,15.4,27.3,26.5,26.4,26.4,26.9,13.5,26.2,0.1,0.2
2026-05-29 09:30:05,351.5,5.1,41.9,28.1,38.7,19.5,30.3,15.1,26.4,26.7,26.7,26.4,26.4,13.4,26.6,0.1,0.2
2026-05-29 09:30:05,353.5,5.1,41.6,28.4,39.9,19.5,30.5,15.7,26.5,26.4,26.4,27.2,26.5,13.4,26.1,0.1,0.2
2026-05-29 09:30:06,350.6,5.1,41.6,27.4,39.2,19.1,30.1,15.0,26.7,26.7,26.4,26.4,26.8,13.5,26.1,0.1,0.2
2026-05-29 09:30:06,352.6,5.1,42.4,27.2,38.9,19.5,31.0,15.2,26.4,26.5,26.9,26.5,26.3,13.4,27.0,0.1,0.2
2026-05-29 09:30:07,353.1,5.2,41.2,27.6,40.7,19.2,30.8,15.2,26.9,26.5,26.5,26.7,26.6,13.5,26.1,0.1,0.2
2026-05-29 09:30:07,351.5,5.0,42.1,26.9,39.4,19.5,30.5,15.1,26.4,26.9,26.4,26.4,26.5,13.4,26.6,0.1,0.2
2026-05-29 09:30:08,352.7,5.1,41.5,28.8,38.7,19.8,30.9,15.4,26.4,26.4,26.4,26.8,26.4,13.5,26.2,0.1,0.2
2026-05-29 09:30:08,352.9,5.2,41.6,26.8,40.0,19.7,30.5,15.9,26.8,26.7,26.4,26.4,26.6,13.6,26.3,0.1,0.2
2026-05-29 09:30:09,352.6,5.1,41.8,27.3,39.1,19.4,31.8,15.4,26.4,26.4,27.0,26.4,26.4,13.4,26.4,0.1,0.2
2026-05-29 09:30:09,352.8,5.1,40.9,28.0,40.4,19.2,31.1,15.2,26.9,26.6,26.4,26.4,26.8,13.5,26.2,0.1,0.2
2026-05-29 09:30:10,354.7,5.0,42.4,28.2,38.7,19.6,30.2,15.1,26.5,27.3,26.6,27.0,26.4,13.4,27.8,0.1,0.2
2026-05-29 09:30:10,353.4,5.1,41.7,28.1,38.9,18.9,30.4,16.5,26.7,27.3,26.5,26.9,26.4,13.4,26.1,0.1,0.2
2026-05-29 09:30:10,353.8,5.1,41.3,27.5,40.5,19.2,30.5,15.4,26.8,26.7,26.5,26.5,27.2,13.9,26.2,0.1,0.2
2026-05-29 09:30:11,351.8,5.1,41.9,27.3,39.4,19.5,30.4,15.1,26.4,26.4,27.0,26.5,26.3,13.4,26.7,0.1,0.2
2026-05-29 09:30:11,353.6,5.1,41.3,27.6,40.4,19.6,30.7,15.5,27.1,26.5,26.4,27.1,26.5,13.4,26.1,0.1,0.2
2026-05-29 09:30:12,354.7,5.2,41.7,27.4,39.5,20.8,30.4,15.7,27.0,27.0,26.5,26.4,26.5,14.0,26.2,0.1,0.2
2026-05-29 09:30:12,351.8,5.1,41.8,26.9,39.6,19.2,30.8,15.2,26.4,26.4,27.2,26.5,26.3,13.4,26.6,0.1,0.2
2026-05-29 09:30:13,352.9,5.1,41.2,27.2,40.8,19.3,31.1,15.2,26.9,26.5,26.4,26.4,26.8,13.5,26.3,0.1,0.2
2026-05-29 09:30:13,353.2,5.2,41.0,27.4,38.4,19.5,32.2,15.3,27.1,26.9,26.7,26.4,26.4,13.4,27.0,0.1,0.2
2026-05-29 09:30:14,354.5,5.0,41.3,28.2,39.7,19.9,31.2,16.7,26.6,26.4,26.4,26.9,26.4,13.4,26.1,0.1,0.2
2026-05-29 09:30:14,353.2,5.1,41.5,26.8,40.4,19.3,30.9,15.6,27.1,26.5,26.4,26.4,27.2,13.6,26.1,0.1,0.2
2026-05-29 09:30:15,352.6,5.1,42.5,27.5,39.3,19.1,30.6,15.2,26.4,26.6,27.0,26.5,26.3,13.4,26.6,0.1,0.2
2026-05-29 09:30:15,352.8,5.2,41.6,27.3,40.4,19.5,30.1,15.1,27.2,26.6,26.5,26.7,26.6,13.5,26.2,0.1,0.2
2026-05-29 09:30:16,353.3,5.0,42.1,28.1,38.9,19.6,30.2,15.1,26.4,27.3,27.0,26.7,26.4,13.4,26.9,0.1,0.2
2026-05-29 09:30:16,351.4,5.2,41.0,28.0,38.8,19.9,30.6,15.3,26.4,26.4,26.3,26.8,26.4,13.5,26.1,0.1,0.2
2026-05-29 09:30:17,353.7,5.2,42.0,26.9,40.6,19.7,30.2,15.8,26.9,26.7,26.4,26.4,26.6,13.7,26.3,0.1,0.2
2026-05-29 09:30:17,351.1,5.0,41.8,26.9,39.3,19.3,31.0,15.2,26.4,26.4,26.8,26.4,26.4,13.4,26.4,0.1,0.2
2026-05-29 09:30:18,352.3,5.1,41.5,26.8,40.1,19.4,31.2,15.3,26.9,26.5,26.4,26.4,26.8,13.5,26.1,0.1,0.2
2026-05-29 09:30:18,351.7,5.0,41.9,27.5,38.3,19.5,30.8,15.4,26.5,26.7,26.7,26.4,26.4,13.4,26.6,0.1,0.2
2026-05-29 09:30:19,355.1,5.1,41.6,28.5,40.4,19.3,30.6,16.0,26.5,26.6,26.4,27.7,26.5,13.4,26.1,0.1,0.2
2026-05-29 09:30:19,353.5,5.1,41.6,27.6,40.6,19.2,30.1,15.8,27.0,26.7,26.5,26.4,26.8,13.5,26.2,0.1,0.2
2026-05-29 09:30:19,352.3,5.0,42.0,27.6,39.1,19.1,31.0,15.2,26.4,26.4,26.9,26.6,26.4,13.4,26.7,0.1,0.2
2026-05-29 09:30:20,353.8,5.2,41.4,27.8,40.7,19.3,30.8,15.2,26.9,26.5,26.4,26.9,26.7,13.5,26.2,0.1,0.2
2026-05-29 09:30:20,352.5,5.7,41.4,27.9,39.0,19.6,30.2,15.1,26.4,26.7,27.0,26.6,26.3,13.6,26.8,0.1,0.2
2026-05-29 09:30:21,352.9,5.1,41.6,28.7,39.0,20.1,30.7,15.3,26.5,26.4,26.4,26.8,26.4,13.4,26.3,0.1,0.2
2026-05-29 09:30:21,353.6,5.2,41.3,27.2,39.7,20.3,30.6,15.5,27.1,26.7,26.4,26.4,26.6,14.1,26.3,0.1,0.2
2026-05-29 09:30:22,351.3,5.0,41.8,26.9,39.0,19.4,30.9,15.3,26.4,26.5,26.9,26.5,26.4,13.4,26.4,0.1,0.2
2026-05-29 09:30:22,352.4,5.1,41.2,27.1,40.2,19.3,31.1,15.3,27.0,26.5,26.4,26.4,26.8,13.5,26.1,0.1,0.2
2026-05-29 09:30:23,352.3,5.1,42.6,27.4,39.2,19.3,30.5,15.1,26.3,26.8,26.7,26.4,26.5,13.4,26.7,0.1,0.2
2026-05-29 09:30:23,353.2,5.2,41.4,29.4,39.1,19.7,30.2,15.6,26.4,26.4,26.5,26.9,26.4,13.4,26.1,0.1,0.2
2026-05-29 09:30:24,353.7,5.0,42.0,27.6,38.9,20.7,30.3,15.7,26.5,26.9,26.5,26.5,26.3,13.9,26.3,0.1,0.2
2026-05-29 09:30:24,351.2,5.0,41.8,27.3,39.6,19.2,30.7,15.2,26.4,26.4,26.6,26.6,26.4,13.5,26.2,0.1,0.2
2026-05-29 09:30:25,354.1,5.5,41.6,26.9,40.8,19.3,30.8,15.2,27.3,26.9,26.4,26.4,26.8,13.5,26.2,0.1,0.2
2026-05-29 09:30:25,351.5,5.0,41.8,26.9,39.5,19.6,30.7,15.1,26.4,26.4,26.9,26.4,26.4,13.4,26.6,0.1,0.2
2026-05-29 09:30:26,352.6,5.1,41.5,27.2,40.1,19.3,31.3,15.6,26.7,26.4,26.4,26.8,26.4,13.4,26.1,0.1,0.2
2026-05-29 09:30:26,352.8,5.0,41.5,27.2,38.2,21.0,30.6,15.7,27.0,27.0,26.5,26.4,26.3,13.9,26.2,0.1,0.2
2026-05-29 09:30:27,354.4,5.1,41.3,28.9,38.4,19.9,31.6,15.4,26.4,27.1,26.9,27.0,26.5,13.4,26.1,0.1,0.2
2026-05-29 09:30:27,352.8,5.1,41.5,26.9,40.1,19.3,31.2,15.4,26.9,26.6,26.6,26.4,26.9,13.5,26.2,0.1,0.2
2026-05-29 09:30:27,352.6,5.0,42.1,28.3,38.7,19.5,30.2,15.1,26.3,26.7,27.0,26.7,26.4,13.4,26.8,0.1,0.2
2026-05-29 09:30:28,351.9,5.1,41.1,28.2,39.6,19.2,30.1,15.7,26.5,26.4,26.4,27.0,26.5,13.4,26.1,0.1,0.2
2026-05-29 09:30:28,353.9,5.1,41.7,27.1,39.4,20.9,30.3,15.5,26.8,27.0,26.5,26.4,26.3,14.4,26.3,0.1,0.2
2026-05-29 09:30:29,351.2,5.0,41.7,27.1,39.5,19.3,30.7,15.2,26.4,26.4,26.8,26.7,26.4,13.4,26.3,0.1,0.2
2026-05-29 09:30:29,352.8,5.1,41.5,26.9,40.4,19.4,31.1,15.2,26.9,26.5,26.4,26.3,27.2,13.6,26.1,0.1,0.2
2026-05-29 09:30:30,351.5,5.0,41.8,27.6,38.6,19.1,30.9,15.3,26.4,26.4,26.9,26.5,26.4,13.4,26.7,0.1,0.2
2026-05-29 09:30:30,352.2,5.1,40.8,27.7,38.6,19.2,30.4,15.5,27.9,26.6,27.1,27.0,26.5,13.4,26.1,0.1,0.2
2026-05-29 09:30:31,353.7,5.0,41.6,27.2,38.6,19.7,30.6,15.2,26.4,28.1,26.9,26.8,26.8,14.0,26.3,0.1,0.2
2026-05-29 09:30:31,351.2,5.2,41.8,27.5,39.3,19.1,30.6,15.1,26.4,26.4,26.5,27.0,26.4,13.4,26.2,0.1,0.2
2026-05-29 09:30:32,353.9,5.1,41.8,27.5,40.6,19.8,30.2,15.5,27.3,26.6,26.4,26.5,26.8,13.5,26.1,0.1,0.2
2026-05-29 09:30:32,352.8,5.1,42.1,28.4,38.9,19.5,30.2,15.1,26.4,26.7,26.6,26.5,26.4,13.4,27.2,0.1,0.2
2026-05-29 09:30:33,353.3,5.0,41.3,28.4,40.5,19.1,30.8,15.7,26.5,26.4,26.4,26.8,26.4,13.4,26.2,0.1,0.2
2026-05-29 09:30:33,353.5,5.0,41.1,27.6,39.3,21.0,30.3,15.6,26.8,27.0,26.5,26.4,26.3,13.8,26.2,0.1,0.2
2026-05-29 09:30:34,351.5,5.0,41.9,27.5,39.1,19.1,31.2,15.2,26.4,26.4,26.7,26.7,26.4,13.4,26.1,0.1,0.2
2026-05-29 09:30:34,352.7,5.1,41.5,26.8,40.4,19.3,31.3,15.3,27.0,26.5,26.4,26.4,26.8,13.5,26.1,0.1,0.2
2026-05-29 09:30:35,352.8,5.1,41.8,27.6,38.4,19.1,31.6,15.3,26.5,26.4,27.7,26.5,26.4,13.4,26.7,0.1,0.2
2026-05-29 09:30:35,353.1,5.1,41.2,27.4,39.8,19.4,31.4,15.7,26.7,26.6,26.6,26.9,26.5,13.4,26.2,0.1,0.2
2026-05-29 09:30:35,353.6,5.0,41.6,27.7,38.6,20.7,30.3,15.5,26.7,27.5,26.5,26.5,26.4,14.0,26.3,0.1,0.2
2026-05-29 09:30:36,351.5,5.1,42.0,27.6,38.5,18.9,31.3,15.2,26.4,26.5,27.0,26.8,26.4,13.4,26.2,0.1,0.2
2026-05-29 09:30:36,353.8,5.1,40.9,28.3,40.7,19.2,30.8,15.2,26.9,26.5,26.4,26.4,27.2,13.7,26.2,0.1,0.2
2026-05-29 09:30:37,351.7,5.5,41.1,27.9,38.8,19.6,30.2,15.1,26.4,26.9,26.5,26.4,26.4,14.0,26.6,0.1,0.2
2026-05-29 09:30:37,351.6,5.1,42.2,27.5,39.3,19.3,30.4,15.3,26.4,26.4,26.4,26.9,26.4,13.4,26.1,0.1,0.2
2026-05-29 09:30:38,352.7,5.1,41.2,27.2,40.5,19.5,30.2,15.8,26.8,26.7,26.4,26.4,26.6,13.7,26.3,0.1,0.2
2026-05-29 09:30:38,351.3,5.0,41.6,27.2,39.6,19.2,30.7,15.3,26.4,26.4,26.8,26.5,26.3,13.4,26.4,0.1,0.2
2026-05-29 09:30:39,353.3,5.2,40.8,27.4,40.5,19.2,30.8,15.5,27.1,26.5,26.4,26.4,27.6,13.6,26.1,0.1,0.2
2026-05-29 09:30:39,351.3,5.8,41.4,27.5,38.4,19.7,30.5,15.2,26.4,26.7,26.7,26.4,26.4,13.4,26.6,0.1,0.2
2026-05-29 09:30:40,351.5,5.2,41.3,27.8,39.1,19.3,30.5,15.7,26.5,26.4,26.4,27.0,26.5,13.4,26.1,0.1,0.2
2026-05-29 09:30:40,353.1,5.2,41.7,27.4,38.6,19.7,31.3,15.2,27.0,27.1,26.4,26.4,26.7,13.7,26.2,0.1,0.2
2026-05-29 09:30:41,352.9,5.1,42.5,27.9,38.8,19.7,31.0,15.2,26.4,26.4,26.8,26.5,26.3,13.5,26.5,0.1,0.2
2026-05-29 09:30:41,353.3,5.2,40.9,28.0,41.1,19.2,30.8,15.2,26.9,26.5,26.4,26.4,26.8,13.5,26.1,0.1,0.2
2026-05-29 09:30:42,351.7,5.0,42.0,27.6,38.8,19.6,31.0,15.1,26.4,26.8,26.4,26.4,26.3,13.4,26.4,0.1,0.2
2026-05-29 09:30:42,353.8,5.1,41.8,27.2,40.9,19.7,30.9,15.6,26.7,26.4,26.4,26.8,26.4,13.4,26.1,0.1,0.2
2026-05-29 09:30:43,353.9,5.1,41.6,26.9,40.4,19.6,30.3,15.8,27.0,27.5,26.5,26.4,26.7,13.7,26.2,0.1,0.2
2026-05-29 09:30:43,351.9,5.1,41.8,26.9,39.5,19.5,30.5,15.1,26.7,26.5,27.0,26.5,26.3,13.4,26.6,0.1,0.2
2026-05-29 09:30:43,352.9,5.1,41.2,27.4,40.1,19.5,30.9,15.5,26.6,26.5,26.5,27.3,26.5,13.4,26.1,0.1,0.2
2026-05-29 09:30:44,351.9,5.0,41.1,27.5,38.4,20.6,30.6,15.1,26.3,27.0,26.6,26.5,26.5,13.8,26.5,0.1,0.2
2026-05-29 09:30:44,350.8,5.1,41.7,27.0,39.0,19.3,31.0,15.3,26.4,26.4,26.4,26.8,26.6,13.5,26.1,0.1,0.2
2026-05-29 09:30:45,352.8,5.2,41.2,28.3,39.6,19.0,30.1,15.1,26.6,27.5,26.5,26.4,27.1,13.6,26.2,0.1,0.2
2026-05-29 09:30:45,351.9,5.0,41.9,27.7,39.1,19.1,30.7,15.2,26.4,26.4,26.8,26.5,26.4,13.4,27.0,0.1,0.2
2026-05-29 09:30:46,353.8,5.1,41.6,27.3,40.7,19.3,30.9,15.5,26.7,26.5,26.4,26.6,27.3,13.6,26.2,0.1,0.2
2026-05-29 09:30:46,351.6,5.0,41.9,27.5,39.3,19.6,30.2,15.2,26.4,26.9,26.4,26.4,26.3,13.7,26.4,0.1,0.2
2026-05-29 09:30:47,352.8,5.1,41.6,28.7,38.8,20.1,30.6,15.3,26.6,26.4,26.4,26.9,26.4,13.4,26.1,0.1,0.2
2026-05-29 09:30:47,353.2,5.0,41.4,27.2,41.0,19.2,30.8,15.5,26.8,26.8,26.5,26.4,26.6,13.7,26.2,0.1,0.2
2026-05-29 09:30:48,351.4,5.2,41.8,27.3,39.1,19.2,30.9,15.3,26.4,26.4,26.9,26.5,26.4,13.4,26.4,0.1,0.2
2026-05-29 09:30:48,353.1,5.4,41.1,27.5,40.3,19.4,31.2,15.3,26.9,26.5,26.4,26.5,26.9,13.5,26.1,0.1,0.2
2026-05-29 09:30:49,351.8,5.1,41.6,27.8,38.6,19.6,30.9,15.1,26.3,26.8,26.7,26.4,26.4,13.5,26.6,0.1,0.2
2026-05-29 09:30:49,351.1,5.1,40.9,28.9,38.9,18.9,30.1,15.8,26.5,26.4,26.4,26.9,26.4,13.4,26.2,0.1,0.2
2026-05-29 09:30:50,353.5,5.2,41.6,27.3,38.9,20.7,30.3,15.8,26.5,27.3,26.5,26.4,26.7,13.7,26.2,0.1,0.2
2026-05-29 09:30:50,351.6,5.0,41.9,27.3,39.5,19.2,30.9,15.2,26.4,26.4,27.0,26.6,26.3,13.4,26.1,0.1,0.2
2026-05-29 09:30:50,352.9,5.2,40.9,27.4,40.6,19.3,30.8,15.2,27.1,26.6,26.4,26.4,27.1,13.6,26.1,0.1,0.2
2026-05-29 09:30:51,351.9,5.0,41.8,27.6,38.7,19.5,30.6,15.1,26.5,26.5,26.9,26.4,26.4,13.5,26.8,0.1,0.2
2026-05-29 09:30:51,351.8,5.3,41.9,27.4,38.9,19.1,30.5,15.4,26.6,26.4,26.5,27.3,26.5,13.4,26.1,0.1,0.2
2026-05-29 09:30:52,350.7,5.1,41.1,27.5,38.7,19.5,30.5,15.2,26.4,26.8,26.6,26.5,26.4,13.9,26.2,0.1,0.2
2026-05-29 09:30:52,350.9,5.1,41.7,27.1,38.9,19.3,31.0,15.3,26.4,26.3,26.7,26.6,26.6,13.5,26.1,0.1,0.2
2026-05-29 09:30:53,351.9,6.0,41.0,28.1,39.3,19.1,30.1,15.1,26.6,26.7,26.4,26.4,26.8,13.6,26.3,0.1,0.2
2026-05-29 09:30:53,351.6,5.1,41.9,27.7,39.1,19.2,30.7,15.2,26.4,26.4,26.8,26.5,26.3,13.4,26.6,0.1,0.2
2026-05-29 09:30:54,352.8,5.1,41.6,27.1,40.7,19.2,30.9,15.5,26.7,26.5,26.4,26.6,26.6,13.5,26.2,0.1,0.2
2026-05-29 09:30:54,352.6,5.0,41.5,27.2,38.7,20.9,30.3,15.1,27.1,27.1,26.5,26.4,26.3,13.7,26.4,0.1,0.2
2026-05-29 09:30:55,351.6,5.1,41.7,27.7,38.7,19.9,30.8,15.3,26.5,26.5,26.4,26.8,26.5,13.4,26.1,0.1,0.2
2026-05-29 09:30:55,352.7,5.1,41.5,26.8,40.4,19.3,30.8,15.5,26.8,26.7,26.5,26.4,26.9,13.5,26.1,0.1,0.2
2026-05-29 09:30:56,351.6,6.0,41.5,27.6,38.4,19.1,31.0,15.3,26.4,26.4,26.8,26.5,26.4,13.4,26.4,0.1,0.2
2026-05-29 09:30:56,353.0,5.1,41.8,26.8,40.0,19.3,31.2,15.4,27.1,26.5,26.4,26.6,26.7,13.5,26.2,0.1,0.2
2026-05-29 09:30:57,351.9,5.0,42.0,27.4,38.8,19.9,30.6,15.1,26.4,26.8,26.7,26.4,26.4,13.4,26.7,0.1,0.2
2026-05-29 09:30:57,353.6,5.1,41.6,29.5,39.2,19.7,30.6,15.3,26.4,26.4,26.4,27.0,26.4,13.4,26.1,0.1,0.2
2026-05-29 09:30:58,353.6,5.1,41.7,27.5,40.5,19.3,30.8,15.2,27.3,26.6,26.4,26.4,26.9,13.5,26.1,0.1,0.2
2026-05-29 09:30:58,351.9,5.0,41.9,27.6,39.1,19.1,30.9,15.2,26.4,26.4,26.8,26.5,26.4,13.5,26.7,0.1,0.2
2026-05-29 09:30:58,353.5,5.1,41.5,26.9,40.7,19.2,30.8,15.5,26.8,26.5,26.4,26.7,27.3,13.6,26.1,0.1,0.2
2026-05-29 09:30:59,350.4,5.0,41.0,27.6,38.7,19.6,30.3,15.1,26.6,27.0,26.5,26.4,26.3,13.7,26.4,0.1,0.2
2026-05-29 09:31:00,351.4,5.7,41.6,27.0,39.2,19.2,30.7,15.4,26.4,26.4,26.5,26.9,26.5,13.4,26.1,0.1,0.2
2026-05-29 09:31:00,353.2,5.1,41.6,26.8,40.1,19.7,30.5,15.9,26.8,26.7,26.6,26.5,26.7,13.7,26.2,0.1,0.2
2026-05-29 09:31:00,351.2,5.1,41.8,26.9,38.3,19.4,30.8,15.2,26.4,26.4,26.9,26.5,26.5,13.5,27.4,0.1,0.2
2026-05-29 09:31:01,354.1,5.1,40.8,27.7,40.1,19.9,30.9,16.1,27.1,26.5,26.4,26.9,26.6,13.6,26.1,0.1,0.2
2026-05-29 09:31:02,354.5,5.1,41.5,27.5,39.9,19.8,30.6,15.9,26.8,27.4,26.6,26.4,26.7,13.7,26.3,0.1,0.2
2026-05-29 09:31:02,353.9,5.1,41.2,27.4,38.4,19.3,31.2,15.3,26.4,26.4,27.8,27.1,27.3,13.6,27.2,0.1,0.2
2026-05-29 09:31:02,350.8,5.1,41.2,27.9,39.2,19.0,30.2,15.4,26.7,26.5,26.4,26.7,26.6,13.5,26.2,0.1,0.2
2026-05-29 09:31:03,352.3,5.1,41.7,27.6,39.1,19.7,30.2,15.2,26.4,26.9,26.5,26.4,26.3,13.7,27.2,0.1,0.2
2026-05-29 09:31:03,350.6,5.3,40.9,28.0,38.8,19.1,30.5,15.5,26.4,26.5,26.4,26.9,26.4,13.4,26.1,0.1,0.2
2026-05-29 09:31:04,351.0,5.1,41.1,27.3,39.6,19.4,30.1,15.0,26.7,26.7,26.5,26.4,26.9,13.5,26.1,0.1,0.2
2026-05-29 09:31:04,351.4,5.1,41.9,26.9,39.5,19.2,30.7,15.2,26.4,26.4,27.0,26.6,26.4,13.4,26.4,0.1,0.2
2026-05-29 09:31:05,353.0,5.1,41.7,26.9,40.8,19.2,31.2,15.2,26.9,26.5,26.4,26.6,26.7,13.5,26.1,0.1,0.2
2026-05-29 09:31:05,351.9,6.0,41.1,27.1,39.2,19.8,30.5,15.1,26.4,26.9,26.4,26.4,26.4,13.5,26.8,0.1,0.2
2026-05-29 09:31:06,353.0,5.1,41.5,28.6,38.5,19.9,31.0,15.9,26.6,26.4,26.4,27.0,26.5,13.4,26.1,0.1,0.2
2026-05-29 09:31:06,353.2,5.2,41.4,27.7,39.9,19.8,30.3,15.8,26.8,26.7,26.4,26.4,26.6,13.7,26.2,0.1,0.2
2026-05-29 09:31:08,352.3,5.0,41.9,27.3,39.3,19.2,30.6,15.3,26.4,26.4,27.3,26.9,26.4,13.4,26.5,0.1,0.2
2026-05-29 09:31:08,351.8,5.1,40.9,28.1,39.4,19.1,30.1,15.2,27.8,26.6,26.4,26.4,26.9,13.5,26.2,0.1,0.2
2026-05-29 09:31:08,350.1,5.1,41.4,26.9,38.6,19.4,30.4,15.1,26.4,26.9,26.7,26.5,26.4,13.4,26.6,0.1,0.2
2026-05-29 09:31:08,351.3,5.1,40.8,27.3,38.8,19.0,30.2,15.5,26.5,26.4,27.5,26.7,26.9,13.9,26.2,0.1,0.2
2026-05-29 09:31:08,351.5,5.1,41.1,27.6,38.9,19.3,30.5,15.1,26.4,26.8,26.5,26.4,26.5,14.3,26.6,0.1,0.2
2026-05-29 09:31:09,351.0,5.1,41.7,27.1,39.0,19.4,30.9,15.2,26.4,26.4,26.6,26.7,26.6,13.5,26.2,0.1,0.2
2026-05-29 09:31:09,352.6,5.1,41.5,26.8,40.4,19.3,31.1,15.3,26.9,26.5,26.4,26.4,26.8,13.5,26.2,0.1,0.2
2026-05-29 09:31:10,352.0,5.1,42.3,28.3,38.7,19.3,30.5,15.1,26.3,26.4,26.8,26.4,26.4,13.4,26.6,0.1,0.2
2026-05-29 09:31:10,354.6,5.1,41.3,28.0,40.1,19.6,30.6,16.5,26.5,27.1,26.5,26.9,26.4,13.4,26.1,0.1,0.2
2026-05-29 09:31:11,353.6,5.2,42.0,27.3,39.6,20.2,30.3,15.9,26.9,26.7,26.4,26.4,26.6,13.7,26.2,0.1,0.2
2026-05-29 09:31:11,352.3,5.0,41.9,28.1,39.4,19.3,30.6,15.1,26.5,26.4,26.9,26.6,26.3,13.4,26.4,0.1,0.2
2026-05-29 09:31:12,351.0,5.1,40.9,27.7,39.8,19.2,30.1,15.0,27.0,26.5,26.4,26.4,26.9,13.5,26.1,0.1,0.2
2026-05-29 09:31:12,351.8,5.1,42.1,27.6,38.7,19.6,30.5,15.1,26.4,26.6,26.6,26.6,26.4,13.5,26.7,0.1,0.2
2026-05-29 09:31:13,353.8,5.1,41.7,27.8,40.2,19.8,30.5,16.0,26.5,26.4,26.4,26.9,26.6,13.4,26.1,0.1,0.2
2026-05-29 09:31:13,351.5,5.1,40.9,27.6,40.1,19.2,30.4,15.0,26.7,26.7,26.5,26.4,26.8,13.6,26.1,0.1,0.2
2026-05-29 09:31:14,352.1,5.0,41.6,27.3,38.5,20.0,31.2,15.2,26.4,26.4,27.2,26.6,26.4,13.4,26.6,0.1,0.2
2026-05-29 09:31:14,352.6,5.1,41.5,26.8,40.3,19.4,31.2,15.3,26.9,26.5,26.4,26.6,26.6,13.5,26.1,0.1,0.2
2026-05-29 09:31:15,352.7,5.8,41.5,28.0,38.7,19.4,30.4,15.1,26.4,27.1,27.1,26.5,26.4,13.4,26.6,0.1,0.2
2026-05-29 09:31:15,353.4,5.1,41.3,29.7,38.9,19.7,30.7,15.4,26.5,26.4,26.4,26.9,26.4,13.4,26.2,0.1,0.2
2026-05-29 09:31:15,352.7,5.4,42.1,28.1,39.3,19.2,30.1,15.0,26.4,27.0,26.5,26.4,26.6,14.1,26.3,0.1,0.2
2026-05-29 09:31:16,351.5,5.0,41.8,27.2,39.4,19.2,30.7,15.2,26.4,26.6,27.0,26.5,26.3,13.4,26.4,0.1,0.2
2026-05-29 09:31:16,351.4,5.1,40.9,27.5,39.4,19.2,30.2,15.0,27.0,26.5,26.4,26.5,27.6,13.6,26.1,0.1,0.2
2026-05-29 09:31:17,352.1,5.0,41.6,27.4,39.4,19.7,30.6,15.1,26.4,26.7,26.6,26.6,26.5,13.4,26.7,0.1,0.2
2026-05-29 09:31:17,353.1,5.1,41.5,27.2,40.3,19.7,30.8,15.7,26.6,26.4,26.4,26.9,26.4,13.4,26.3,0.1,0.2
2026-05-29 09:31:18,352.9,5.0,41.8,27.4,39.5,19.5,31.3,15.3,26.4,26.9,26.5,26.4,26.4,13.9,26.4,0.1,0.2
2026-05-29 09:31:18,350.1,5.0,41.3,27.3,38.3,19.2,31.1,15.4,26.4,26.4,26.8,26.7,26.4,13.4,26.1,0.1,0.2
2026-05-29 09:31:19,353.1,5.1,41.3,27.9,40.5,19.2,30.8,15.3,26.9,26.6,26.4,26.4,26.8,13.5,26.2,0.1,0.2
2026-05-29 09:31:19,353.0,5.6,41.5,28.0,38.8,19.4,30.4,15.1,26.5,26.4,26.9,26.5,26.3,13.5,27.7,0.1,0.3
2026-05-29 09:31:20,352.0,5.1,41.6,28.3,39.2,19.0,30.1,16.0,26.5,26.5,26.4,27.0,26.4,13.4,26.1,0.1,0.2
2026-05-29 09:31:20,353.2,5.3,41.7,27.2,39.0,20.6,30.3,15.4,26.9,27.1,26.5,26.4,26.6,13.7,26.2,0.1,0.2
2026-05-29 09:31:21,351.5,5.1,41.3,27.2,39.4,19.2,31.0,15.2,26.4,26.4,26.9,26.6,26.4,13.4,26.7,0.1,0.2
2026-05-29 09:31:21,352.9,5.1,41.7,27.1,40.7,19.2,30.8,15.5,26.7,26.5,26.4,26.6,26.7,13.5,26.1,0.1,0.2
2026-05-29 09:31:22,352.3,5.5,41.7,26.9,39.5,19.8,30.3,15.1,26.4,27.3,26.5,26.4,26.3,13.8,26.5,0.1,0.2
2026-05-29 09:31:22,351.0,5.0,41.7,27.0,39.4,19.3,30.8,15.4,26.4,26.4,26.4,26.8,26.4,13.4,26.1,0.1,0.2
2026-05-29 09:31:23,351.7,5.1,41.3,27.2,38.8,19.2,30.5,15.2,26.6,27.4,26.6,26.4,26.7,14.1,26.2,0.1,0.2
2026-05-29 09:31:23,351.3,5.1,41.8,26.9,38.9,19.3,31.2,15.4,26.4,26.4,27.0,26.5,26.4,13.4,26.4,0.1,0.2
2026-05-29 09:31:23,351.6,5.1,41.3,27.6,39.2,19.1,30.1,15.0,27.8,26.6,26.4,26.4,26.9,13.5,26.2,0.1,0.2
2026-05-29 09:31:24,352.3,5.8,41.4,28.2,39.0,19.5,30.2,15.1,26.4,26.8,26.8,26.5,26.3,13.4,26.7,0.1,0.2
2026-05-29 09:31:24,353.9,5.1,41.4,27.8,38.7,19.1,30.1,16.4,26.7,27.2,26.5,27.8,26.5,13.8,26.5,0.1,0.2
2026-05-29 09:31:25,354.3,5.2,41.8,27.2,39.8,20.8,30.3,15.7,26.9,26.7,26.4,26.6,26.7,13.7,26.2,0.1,0.2
2026-05-29 09:31:25,352.7,5.1,41.8,27.4,39.1,19.1,30.7,15.1,26.4,26.4,27.6,26.6,26.3,13.5,27.1,0.1,0.2
2026-05-29 09:31:26,352.8,5.0,41.3,27.2,40.7,19.2,30.9,15.5,26.7,26.5,26.4,26.6,26.6,13.6,26.2,0.1,0.2
2026-05-29 09:31:26,350.9,5.3,41.0,27.5,38.6,19.7,30.5,15.1,26.4,26.9,26.5,26.4,26.4,13.9,26.5,0.1,0.2
2026-05-29 09:31:27,352.1,5.3,42.2,27.5,39.2,19.3,30.8,15.5,26.4,26.4,26.4,26.8,26.5,13.4,26.1,0.1,0.2
2026-05-29 09:31:27,352.5,5.1,41.5,26.8,40.0,19.4,30.9,15.6,26.9,26.7,26.4,26.4,26.8,13.5,26.1,0.1,0.2
2026-05-29 09:31:28,351.3,5.0,42.0,27.3,39.3,19.0,30.6,15.2,26.4,26.6,26.9,26.5,26.4,13.4,26.4,0.1,0.2
2026-05-29 09:31:28,350.6,5.2,41.0,27.9,39.2,19.1,30.1,15.1,26.8,26.5,26.5,26.4,26.9,13.5,26.2,0.1,0.2
2026-05-29 09:31:29,352.7,5.6,41.8,27.4,39.5,19.7,30.2,15.1,26.4,26.6,27.1,26.6,26.3,13.4,26.7,0.1,0.2
2026-05-29 09:31:29,352.9,5.0,41.7,29.2,38.9,19.8,30.2,15.6,26.5,26.4,26.3,26.8,26.5,13.4,26.1,0.1,0.2
2026-05-29 09:31:30,354.3,5.2,41.1,26.9,40.6,20.7,30.3,15.8,26.6,27.0,26.5,26.4,26.6,14.1,26.4,0.1,0.2
2026-05-29 09:31:30,351.4,5.1,41.8,27.3,39.4,19.1,30.8,15.2,26.4,26.4,26.8,26.5,26.3,13.4,26.6,0.1,0.2
2026-05-29 09:31:31,354.3,5.1,41.5,26.9,40.4,19.2,31.3,15.5,27.4,26.6,26.4,26.7,27.4,13.6,26.1,0.1,0.2
2026-05-29 09:31:31,352.8,5.1,41.7,26.9,38.8,20.6,30.9,15.8,26.5,26.9,26.5,26.4,26.4,13.8,26.2,0.1,0.2
2026-05-29 09:31:32,351.2,5.0,41.7,27.0,39.1,19.3,31.0,15.3,26.6,26.4,26.7,26.7,26.4,13.4,26.1,0.1,0.2
2026-05-29 09:31:32,354.6,5.1,41.5,26.8,40.3,19.3,31.2,15.3,27.5,27.2,27.1,26.5,26.8,13.5,26.1,0.1,0.2
2026-05-29 09:31:32,352.5,6.0,41.1,27.6,38.4,19.7,30.5,15.2,26.4,26.7,26.9,26.4,26.4,13.4,27.4,0.1,0.2
2026-05-29 09:31:33,353.4,5.1,41.7,29.4,38.8,19.6,30.7,15.3,26.4,26.4,26.6,27.0,26.5,13.4,26.1,0.1,0.2
2026-05-29 09:31:33,353.2,5.2,41.5,27.6,40.3,19.2,30.1,15.8,26.5,27.0,26.4,26.4,26.9,13.8,26.2,0.1,0.2
2026-05-29 09:31:34,352.4,5.0,41.9,27.9,39.6,19.3,30.6,15.1,26.4,26.4,26.8,26.5,26.5,13.5,26.5,0.1,0.2
2026-05-29 09:31:34,352.3,5.1,41.5,27.0,40.5,19.3,30.8,15.2,26.9,26.5,26.3,26.4,26.8,13.5,26.1,0.1,0.2
2026-05-29 09:31:35,352.0,5.0,42.0,27.6,38.7,19.5,31.0,15.2,26.4,26.8,26.7,26.4,26.3,13.4,26.6,0.1,0.2
2026-05-29 09:31:35,352.7,5.1,41.5,27.2,40.5,19.8,30.5,15.7,26.5,26.4,26.4,26.8,26.5,13.4,26.1,0.1,0.2
2026-05-29 09:31:36,350.9,5.1,41.0,27.5,38.7,19.5,30.5,15.1,26.4,27.3,26.5,26.4,26.4,14.0,26.2,0.1,0.2
2026-05-29 09:31:36,351.1,5.1,42.0,27.2,38.8,19.3,30.8,15.3,26.4,26.5,26.7,26.7,26.4,13.4,26.1,0.1,0.2
2026-05-29 09:31:37,354.0,5.2,41.2,28.3,40.5,19.0,30.9,15.2,27.3,26.6,26.5,26.4,27.0,13.5,26.1,0.1,0.2
2026-05-29 09:31:37,351.9,5.0,42.1,28.2,38.7,19.3,30.4,15.1,26.4,26.4,26.8,26.6,26.4,13.4,26.6,0.1,0.2
2026-05-29 09:31:38,352.7,5.1,41.3,28.1,40.3,19.3,30.8,15.5,26.5,26.4,26.4,26.7,26.4,13.5,26.2,0.1,0.2
2026-05-29 09:31:38,352.6,5.0,41.4,27.4,39.1,20.9,30.3,15.5,26.8,26.8,26.4,26.4,26.3,13.5,26.5,0.1,0.2
2026-05-29 09:31:39,350.9,5.1,41.8,27.1,39.3,19.5,30.5,15.1,26.5,26.5,26.4,26.8,26.4,13.4,26.1,0.1,0.2
2026-05-29 09:31:39,352.5,5.1,41.2,27.1,40.5,19.2,31.3,15.2,26.9,26.5,26.4,26.4,26.8,13.5,26.1,0.1,0.2
2026-05-29 09:31:40,353.4,5.1,41.8,27.3,38.8,19.1,30.9,15.2,26.5,26.4,28.0,26.7,27.0,13.5,26.7,0.1,0.2
2026-05-29 09:31:40,352.7,5.0,41.3,27.1,40.0,19.4,31.2,15.3,27.1,26.6,26.4,26.6,26.6,13.5,26.1,0.1,0.2
2026-05-29 09:31:40,352.4,5.1,41.9,26.8,38.9,19.8,30.6,15.2,26.4,26.8,26.6,26.4,26.4,13.8,27.3,0.1,0.2
2026-05-29 09:31:41,353.4,5.1,41.7,29.1,39.4,19.5,30.6,15.4,26.4,26.4,26.5,27.0,26.5,13.4,26.2,0.1,0.2
2026-05-29 09:31:41,353.0,5.0,41.4,27.7,40.4,19.3,30.5,15.4,26.8,26.7,26.4,26.4,26.7,13.7,26.2,0.1,0.2
2026-05-29 09:31:42,354.9,5.2,42.0,28.2,39.2,19.9,30.8,15.2,27.5,26.6,26.9,26.5,26.3,13.6,26.6,0.1,0.2
2026-05-29 09:31:42,352.6,5.2,41.0,29.3,39.0,19.9,30.3,15.4,26.6,26.5,26.4,26.8,26.4,13.4,26.1,0.1,0.2
2026-05-29 09:31:43,352.6,5.0,41.4,27.2,38.7,21.1,30.4,15.1,27.1,27.0,26.5,26.4,26.3,13.7,26.4,0.1,0.2
2026-05-29 09:31:43,352.5,5.0,41.6,28.7,38.7,19.9,31.1,15.2,26.4,26.4,26.6,26.6,26.4,13.4,26.1,0.1,0.2
2026-05-29 09:31:44,353.4,5.1,41.5,26.9,40.4,19.3,30.8,15.5,26.9,27.1,26.5,26.4,26.9,13.5,26.1,0.1,0.2
2026-05-29 09:31:44,350.8,5.0,41.6,27.3,38.6,19.2,31.1,15.3,26.4,26.5,26.9,26.5,26.4,13.4,26.4,0.1,0.2
2026-05-29 09:31:45,353.4,5.2,41.0,27.4,40.1,19.4,31.3,15.4,26.9,26.4,26.5,26.7,27.0,13.6,26.1,0.1,0.2
2026-05-29 09:31:45,352.0,5.8,41.7,28.1,38.7,19.5,30.2,15.1,26.3,26.9,26.4,26.5,26.4,13.7,26.5,0.1,0.2
2026-05-29 09:31:46,353.7,5.2,41.9,27.8,39.4,19.1,30.4,16.3,26.6,27.2,26.5,26.9,26.4,13.5,26.2,0.1,0.2
2026-05-29 09:31:46,353.0,5.0,41.3,27.5,40.7,19.3,30.5,15.4,26.8,26.7,26.4,26.4,26.6,13.7,26.3,0.1,0.2
2026-05-29 09:31:47,352.3,5.0,41.8,27.0,39.4,19.3,31.5,15.2,26.4,26.4,26.9,26.6,26.4,13.4,26.5,0.1,0.2
2026-05-29 09:31:47,352.7,5.1,41.5,26.9,40.6,19.2,31.1,15.2,27.0,26.5,26.4,26.4,26.8,13.5,26.1,0.1,0.2
2026-05-29 09:31:48,351.6,5.0,42.0,27.5,38.7,19.4,30.7,15.1,26.5,26.7,26.7,26.4,26.4,13.4,26.8,0.1,0.2
2026-05-29 09:31:48,352.6,5.1,41.5,28.4,38.7,19.9,30.5,15.7,26.6,26.5,26.4,26.9,26.5,13.4,26.1,0.1,0.2
2026-05-29 09:31:48,353.8,5.2,41.3,27.1,38.6,21.0,30.7,15.9,26.5,26.9,26.6,26.4,26.6,14.4,26.3,0.1,0.2
2026-05-29 09:31:49,351.9,5.1,42.2,27.3,38.6,19.2,31.0,15.3,26.4,26.3,27.1,26.5,26.4,13.4,26.7,0.1,0.2
2026-05-29 09:31:49,353.5,5.1,41.7,27.4,41.0,19.1,30.8,15.2,26.9,26.5,26.4,26.6,26.7,13.5,26.2,0.1,0.2
2026-05-29 09:31:50,352.9,5.7,41.4,28.2,38.7,20.0,30.3,15.1,26.4,27.0,26.5,26.4,26.5,13.9,26.5,0.1,0.2
2026-05-29 09:31:50,352.7,5.1,41.6,29.0,39.0,19.8,30.6,15.3,26.4,26.4,26.4,26.8,26.4,13.4,26.1,0.1,0.2
2026-05-29 09:31:51,351.7,5.5,40.9,27.9,39.4,19.2,30.1,15.0,27.2,26.6,26.4,26.4,26.9,13.5,26.2,0.1,0.2
2026-05-29 09:31:51,351.2,5.1,41.8,27.6,38.8,19.1,30.8,15.2,26.4,26.4,26.8,26.5,26.3,13.4,26.6,0.1,0.2
2026-05-29 09:31:52,353.1,5.1,41.6,26.9,40.5,19.3,31.0,15.6,27.2,26.6,26.4,27.0,26.4,13.4,26.1,0.1,0.2
2026-05-29 09:31:52,352.3,5.0,41.4,27.2,38.5,20.8,30.6,15.5,26.8,27.1,26.5,26.4,26.3,13.7,26.2,0.1,0.2
2026-05-29 09:31:53,351.3,5.1,41.6,27.0,39.0,19.3,30.7,15.4,26.4,26.5,26.5,27.4,26.5,13.4,26.1,0.1,0.2
2026-05-29 09:31:53,350.1,5.2,40.9,27.3,38.7,19.3,30.4,15.2,26.7,26.6,26.5,26.5,26.9,13.5,26.2,0.1,0.2
2026-05-29 09:31:54,351.8,5.1,41.9,27.8,38.7,18.9,30.5,15.1,26.3,26.5,26.8,26.5,26.5,13.4,26.5,0.1,0.8
2026-05-29 09:31:54,351.2,5.1,41.8,27.4,39.6,19.2,30.1,15.1,26.9,26.5,26.4,26.6,26.6,13.5,26.3,0.1,0.2
2026-05-29 09:31:55,353.2,5.1,41.9,28.4,38.9,20.2,30.6,15.1,26.4,26.9,26.5,26.4,26.3,13.7,26.6,0.1,0.2
2026-05-29 09:31:55,352.6,5.0,41.3,29.0,38.9,20.0,30.7,15.4,26.4,26.4,26.3,26.8,26.4,13.4,26.1,0.1,0.2
2026-05-29 09:31:56,353.2,5.2,41.1,27.2,41.1,19.2,30.6,15.6,26.9,26.7,26.4,26.4,26.6,13.7,26.2,0.1,0.2
2026-05-29 09:31:56,351.6,5.0,41.8,27.3,39.3,19.2,31.0,15.2,26.6,26.5,26.9,26.5,26.4,13.4,26.4,0.1,0.2
2026-05-29 09:31:56,353.6,5.1,41.6,27.1,40.1,19.4,31.1,15.3,26.9,26.5,26.5,26.4,27.6,13.6,26.1,0.1,0.2
2026-05-29 09:31:57,352.2,5.2,42.4,27.6,38.3,19.5,30.8,15.3,26.4,26.6,26.8,26.5,26.4,13.4,26.7,0.1,0.2
2026-05-29 09:31:57,354.3,5.1,41.7,29.1,39.3,19.6,30.3,16.0,26.9,26.5,26.4,26.9,26.6,13.5,26.2,0.1,0.2
2026-05-29 09:31:58,353.4,5.1,41.6,27.7,40.5,19.1,30.8,15.2,26.7,26.7,26.4,26.4,27.0,13.6,26.2,0.1,0.2
2026-05-29 09:31:58,351.4,5.0,41.9,27.5,39.1,19.2,30.7,15.2,26.4,26.4,26.8,26.5,26.3,13.4,26.5,0.1,0.2
2026-05-29 09:31:59,353.7,5.1,41.6,27.4,40.6,19.3,30.9,15.2,27.3,26.6,26.4,26.8,26.6,13.5,26.2,0.1,0.2
2026-05-29 09:31:59,352.4,5.1,41.0,28.1,39.1,19.4,30.3,15.1,26.4,26.9,26.5,26.4,26.3,14.6,26.9,0.1,0.2
2026-05-29 09:32:00,351.0,5.0,41.7,27.1,39.4,19.2,30.6,15.2,26.4,26.5,26.7,26.7,26.4,13.4,26.1,0.1,0.2
2026-05-29 09:32:00,352.6,5.1,41.6,26.9,40.4,19.4,31.0,15.2,27.1,26.5,26.4,26.4,26.8,13.5,26.1,0.1,0.2
2026-05-29 09:32:01,352.5,5.0,42.4,26.9,39.3,19.2,30.9,15.2,26.4,26.4,26.9,26.6,26.5,13.4,27.1,0.1,0.2
2026-05-29 09:32:01,354.1,5.1,41.6,26.9,40.1,19.4,31.0,15.6,27.4,26.5,27.0,27.1,26.5,13.4,26.1,0.1,0.2
2026-05-29 09:32:02,354.4,5.2,41.6,27.6,38.8,21.0,30.6,15.8,26.5,26.9,26.4,26.5,26.6,14.1,26.3,0.1,0.2
2026-05-29 09:32:02,352.5,5.1,42.5,27.5,38.7,19.1,31.3,15.3,26.4,26.4,26.9,26.4,26.5,13.4,26.6,0.1,0.2
2026-05-29 09:32:03,352.8,5.1,41.5,26.8,40.6,19.3,31.2,15.3,27.0,26.4,26.4,26.6,26.6,13.5,26.2,0.1,0.2
2026-05-29 09:32:03,351.7,6.0,41.2,28.0,38.8,19.5,30.3,15.1,26.3,26.9,26.5,26.4,26.4,13.4,26.6,0.1,0.2
2026-05-29 09:32:04,351.9,5.1,41.8,28.1,39.5,19.1,30.6,15.4,26.4,26.4,26.3,26.9,26.4,13.4,26.2,0.1,0.2
2026-05-29 09:32:04,353.7,5.1,42.0,27.3,40.2,19.7,30.3,15.9,26.9,26.7,26.4,26.4,26.6,13.7,26.2,0.1,0.2
2026-05-29 09:32:05,352.2,5.0,41.8,27.1,39.5,19.2,30.6,15.2,26.4,26.6,27.3,26.9,26.4,13.4,26.5,0.1,0.2
2026-05-29 09:32:05,352.7,5.1,41.1,27.3,40.6,19.3,30.8,15.2,26.9,26.7,26.5,26.4,26.8,13.5,26.1,0.1,0.2
2026-05-29 09:32:05,352.5,5.0,41.9,27.8,38.7,19.7,30.5,15.1,26.4,26.7,27.4,26.6,26.4,13.4,26.7,0.1,0.2
2026-05-29 09:32:06,351.0,5.1,40.9,27.9,38.5,19.1,30.4,16.1,26.5,26.4,26.4,27.1,26.6,13.4,26.1,0.1,0.2
2026-05-29 09:32:06,350.4,5.2,40.9,27.5,38.8,19.5,30.5,15.2,26.4,26.8,26.5,26.4,26.4,13.8,26.3,0.1,0.2
2026-05-29 09:32:07,351.6,5.1,41.7,27.0,39.0,19.3,31.4,15.4,26.4,26.4,27.0,26.5,26.4,13.4,26.3,0.1,0.2
2026-05-29 09:32:07,352.9,5.1,41.2,28.0,40.5,19.1,30.9,15.2,26.9,26.5,26.4,26.4,26.8,13.5,26.2,0.1,0.2
2026-05-29 09:32:08,352.5,5.0,41.9,28.0,38.8,19.5,30.4,15.2,26.4,26.4,27.2,26.8,26.4,13.4,26.7,0.1,0.2
2026-05-29 09:32:08,353.1,5.0,41.6,27.5,40.5,19.6,30.5,15.5,26.8,26.5,26.4,26.9,26.4,13.4,26.1,0.1,0.2
2026-05-29 09:32:09,354.2,5.0,41.6,27.6,39.2,20.9,30.3,15.1,27.1,27.2,26.5,26.4,26.3,14.3,26.4,0.1,0.2
2026-05-29 09:32:09,351.0,5.1,41.8,27.0,39.5,19.2,30.7,15.2,26.4,26.4,26.9,26.5,26.3,13.4,26.4,0.1,0.2
2026-05-29 09:32:10,352.7,5.1,41.7,26.9,40.3,19.4,30.9,15.2,26.9,26.5,26.4,26.5,26.9,13.5,26.1,0.1,0.2
2026-05-29 09:32:10,351.6,5.0,42.1,27.6,38.6,19.4,30.7,15.1,26.4,26.6,26.6,26.4,26.5,13.4,26.6,0.1,0.2
2026-05-29 09:32:11,351.3,5.1,41.0,27.8,38.7,19.3,31.1,15.9,26.5,26.4,26.4,26.8,26.5,13.4,26.2,0.1,0.2
2026-05-29 09:32:11,355.8,5.1,42.1,26.8,38.7,21.6,30.7,16.0,26.5,27.6,26.6,27.1,26.8,13.7,26.2,0.1,0.2
2026-05-29 09:32:12,350.1,5.1,41.0,27.5,38.3,19.1,31.1,15.4,26.4,26.4,26.9,26.4,26.4,13.4,26.4,0.1,0.2
2026-05-29 09:32:12,353.1,5.1,41.7,27.4,40.3,19.1,31.0,15.3,27.1,26.6,26.4,26.7,26.6,13.5,26.2,0.1,0.2
2026-05-29 09:32:13,353.1,5.8,41.4,28.1,38.8,19.5,30.2,15.1,26.5,27.2,27.2,26.5,26.3,13.8,26.4,0.1,0.2
2026-05-29 09:32:13,353.4,5.0,41.3,29.3,39.1,19.1,31.1,15.4,26.6,26.5,26.4,27.1,26.5,13.4,26.1,0.1,0.2
2026-05-29 09:32:13,353.7,5.3,41.3,27.2,40.6,19.9,30.3,15.8,26.9,26.7,26.6,26.4,26.6,13.7,26.2,0.1,0.2
2026-05-29 09:32:14,352.3,5.0,41.1,27.3,39.2,19.2,31.1,15.2,26.4,26.4,27.3,27.2,26.5,13.5,26.6,0.1,0.2
2026-05-29 09:32:14,352.4,5.0,41.3,27.2,40.3,19.2,31.1,15.2,26.9,26.5,26.4,26.4,26.8,13.6,26.2,0.1,0.2
2026-05-29 09:32:15,352.2,5.0,41.8,27.3,38.8,19.5,30.7,15.2,26.4,26.7,27.0,26.5,26.4,13.4,27.0,0.1,0.2
2026-05-29 09:32:15,352.7,5.1,41.2,28.1,39.4,19.8,31.0,15.8,26.5,26.4,26.4,26.8,26.4,13.4,26.1,0.1,0.2
2026-05-29 09:32:16,352.1,5.0,42.0,27.7,39.4,19.2,30.2,15.1,26.4,26.9,26.4,26.4,26.4,14.3,26.3,0.1,0.2
2026-05-29 09:32:16,351.4,5.1,41.7,27.6,39.6,19.1,30.6,15.2,26.5,26.4,26.6,26.7,26.4,13.4,26.1,0.1,0.2
2026-05-29 09:32:17,352.7,5.1,41.3,27.5,40.5,19.2,30.8,15.2,26.9,26.6,26.4,26.4,26.8,13.5,26.2,0.1,0.2
2026-05-29 09:32:17,351.4,5.0,41.9,27.7,38.8,19.5,30.4,15.1,26.4,26.4,26.9,26.5,26.4,13.4,26.6,0.1,0.2
2026-05-29 09:32:18,352.5,5.1,41.7,27.2,40.1,19.6,30.6,15.5,26.7,26.4,26.4,26.9,26.4,13.4,26.1,0.1,0.2
2026-05-29 09:32:18,353.2,5.0,41.9,27.0,38.5,21.2,30.6,15.5,26.8,27.0,26.5,26.4,26.4,13.9,26.2,0.1,0.2
2026-05-29 09:32:19,352.3,5.0,41.3,28.9,38.7,19.2,31.4,15.5,26.4,26.4,26.6,26.6,26.4,13.4,26.2,0.1,0.2
2026-05-29 09:32:19,352.9,5.1,41.5,26.8,40.2,19.4,31.4,15.3,27.0,26.5,26.4,26.4,26.9,13.5,26.1,0.1,0.2
2026-05-29 09:32:20,352.5,5.1,42.9,27.5,39.3,19.0,30.8,15.2,26.3,26.4,26.9,26.5,26.4,13.4,26.6,0.1,0.2
2026-05-29 09:32:20,353.2,5.0,41.3,27.6,40.4,19.2,31.0,15.7,26.7,26.5,26.4,26.8,26.7,13.4,26.1,0.1,0.2
2026-05-29 09:32:21,352.7,5.9,41.1,28.0,38.9,19.6,30.2,15.1,26.5,27.4,26.9,26.5,26.3,13.8,26.4,0.1,0.2
2026-05-29 09:32:21,352.4,5.0,41.9,27.6,39.4,19.2,30.4,15.7,26.5,26.6,26.4,27.1,26.5,13.4,26.2,0.1,0.2
2026-05-29 09:32:21,352.9,5.1,41.7,26.9,40.4,19.6,30.2,15.8,26.9,26.7,26.4,26.5,26.9,13.5,26.1,0.1,0.2
2026-05-29 09:32:22,351.9,5.1,41.9,26.9,39.3,19.2,30.9,15.2,26.4,26.4,27.2,26.7,26.5,13.4,26.6,0.1,0.2
2026-05-29 09:32:22,353.3,5.1,41.2,27.1,40.2,19.3,31.2,15.3,27.6,26.6,26.4,26.4,26.9,13.6,26.2,0.1,0.2
2026-05-29 09:32:23,352.5,5.7,41.4,27.8,38.5,19.5,30.8,15.3,26.4,26.6,27.1,26.4,26.3,13.4,26.9,0.1,0.2
2026-05-29 09:32:23,353.5,5.1,41.9,29.5,39.0,19.7,30.3,15.7,26.4,26.4,26.4,26.8,26.5,13.4,26.1,0.1,0.2
2026-05-29 09:32:24,353.4,5.2,41.4,27.6,40.2,19.5,30.1,15.9,26.5,26.9,26.5,26.4,26.6,14.1,26.3,0.1,0.2
2026-05-29 09:32:24,351.7,5.0,41.9,27.4,39.8,19.2,30.7,15.1,26.5,26.4,26.9,26.5,26.3,13.4,26.1,0.1,0.2
2026-05-29 09:32:25,352.5,5.1,41.3,27.3,40.6,19.3,30.8,15.2,26.9,26.6,26.4,26.4,26.8,13.5,26.1,0.1,0.2
2026-05-29 09:32:25,351.8,5.2,41.8,27.6,38.7,19.5,30.5,15.2,26.4,26.8,26.8,26.5,26.3,13.4,26.6,0.1,0.2
2026-05-29 09:32:26,352.0,5.1,41.3,28.1,39.2,19.5,30.8,15.6,26.4,26.4,26.4,26.9,26.5,13.4,26.1,0.1,0.2
2026-05-29 09:32:26,353.7,5.1,42.0,27.3,38.7,20.8,30.7,15.8,26.5,27.0,26.5,26.4,26.3,14.1,26.2,0.1,0.2
2026-05-29 09:32:27,351.7,5.0,41.7,27.0,39.0,19.3,31.4,15.7,26.4,26.4,26.7,26.7,26.4,13.4,26.2,0.1,0.2
2026-05-29 09:32:27,353.1,5.1,41.8,27.3,40.7,19.1,30.9,15.2,26.9,26.5,26.4,26.4,26.9,13.6,26.2,0.1,0.2
2026-05-29 09:32:28,351.7,5.0,41.9,27.8,39.0,19.0,30.8,15.2,26.4,26.4,26.9,26.5,26.3,13.4,26.6,0.1,0.2
2026-05-29 09:32:28,353.1,5.1,41.7,27.6,40.1,19.3,30.8,15.7,26.8,26.5,26.4,26.9,26.4,13.4,26.1,0.1,0.2
2026-05-29 09:32:28,353.6,5.0,41.4,27.4,38.9,20.8,30.3,15.5,26.8,27.2,26.5,26.4,26.3,13.7,27.1,0.1,0.2
2026-05-29 09:32:29,351.1,5.0,41.7,27.1,39.3,19.4,30.5,15.3,26.5,26.6,26.5,26.9,26.4,13.4,26.1,0.1,0.2
2026-05-29 09:32:29,352.9,5.1,41.6,26.9,40.3,19.5,30.5,15.8,27.0,26.5,26.4,26.5,26.9,13.5,26.1,0.1,0.2
2026-05-29 09:32:30,351.5,5.0,41.8,26.9,39.2,19.2,31.0,15.2,26.4,26.4,26.8,26.4,26.6,13.4,26.7,0.1,0.2
2026-05-29 09:32:30,351.0,5.2,40.9,27.5,39.0,19.2,30.4,15.2,26.9,26.5,26.4,26.6,27.0,13.6,26.2,0.1,0.2
2026-05-29 09:32:31,352.0,6.0,41.2,27.4,38.3,19.8,30.6,15.2,26.4,26.8,26.5,26.4,26.4,13.4,27.2,0.1,0.2
2026-05-29 09:32:31,353.2,5.1,41.6,29.5,38.8,19.8,30.7,15.4,26.4,26.4,26.4,26.9,26.4,13.4,26.2,0.1,0.2
2026-05-29 09:32:32,353.0,5.2,41.3,27.6,40.4,19.3,30.5,15.5,26.9,26.7,26.4,26.4,26.6,13.7,26.2,0.1,0.2
2026-05-29 09:32:32,351.8,5.0,41.8,27.2,39.7,19.2,30.6,15.2,26.6,26.4,26.9,26.5,26.3,13.4,26.5,0.1,0.2
2026-05-29 09:32:33,352.7,5.1,41.5,26.9,40.8,19.3,30.8,15.2,26.9,26.5,26.5,26.4,26.8,13.5,26.1,0.1,0.2
2026-05-29 09:32:33,351.6,5.1,42.0,27.6,38.7,19.7,30.5,15.1,26.3,26.7,26.7,26.6,26.4,13.4,26.7,0.1,0.2
2026-05-29 09:32:34,352.6,5.1,41.7,28.5,38.9,19.8,30.5,15.6,26.5,26.4,26.4,26.8,26.5,13.4,26.1,0.1,0.2
2026-05-29 09:32:34,354.9,5.0,42.1,27.0,38.7,20.8,30.9,15.9,26.5,26.9,26.5,26.4,26.7,14.4,26.6,0.1,0.2
2026-05-29 09:32:35,352.2,5.1,41.8,26.9,39.1,19.3,31.8,15.4,26.4,26.4,26.9,26.4,26.4,13.4,26.7,0.1,0.2
2026-05-29 09:32:35,352.5,5.1,41.2,27.1,40.1,19.4,31.3,15.4,26.9,26.4,26.4,26.6,26.6,13.5,26.2,0.1,0.2
2026-05-29 09:32:36,351.6,5.0,42.0,27.4,39.2,19.6,30.3,15.1,26.4,27.0,26.5,26.4,26.4,13.4,26.6,0.1,0.2
2026-05-29 09:32:36,353.8,5.1,41.6,29.3,38.9,19.7,30.7,15.8,26.6,26.5,26.3,27.0,26.5,13.4,26.1,0.1,0.2
2026-05-29 09:32:36,352.0,5.5,40.9,28.0,39.4,19.1,30.1,15.1,26.9,26.5,26.4,26.4,27.6,13.6,26.1,0.1,0.2
2026-05-29 09:32:37,352.4,5.1,42.0,27.7,39.1,19.1,30.6,15.2,26.4,26.6,27.4,26.6,26.3,13.4,26.7,0.1,0.2
2026-05-29 09:32:37,351.6,5.1,41.2,27.4,39.5,19.2,30.8,15.5,26.7,26.5,26.4,26.8,26.7,13.4,26.1,0.1,0.2
2026-05-29 09:32:38,351.4,5.1,41.2,27.5,38.8,19.6,30.3,15.1,26.4,27.3,26.5,26.5,26.4,13.8,26.5,0.1,0.2
2026-05-29 09:32:38,350.9,5.1,41.7,27.0,39.4,19.2,30.7,15.4,26.4,26.4,26.4,26.8,26.4,13.4,26.3,0.1,0.2
2026-05-29 09:32:39,353.5,5.1,41.6,26.8,40.6,19.5,30.8,15.6,26.8,26.7,26.4,26.4,27.2,13.6,26.3,0.1,0.2
2026-05-29 09:32:39,351.4,5.0,41.8,26.9,39.0,19.4,31.1,15.4,26.5,26.4,27.0,26.5,26.4,13.4,26.4,0.1,0.2
2026-05-29 09:32:40,353.6,5.1,41.6,27.4,40.3,19.1,30.8,15.3,27.7,26.6,26.4,26.7,26.6,13.5,26.2,0.1,0.2
2026-05-29 09:32:40,351.8,5.1,41.1,28.0,38.9,19.2,30.2,15.1,26.4,27.0,26.5,26.4,26.4,14.9,26.3,0.1,0.2
2026-05-29 09:32:41,352.9,5.0,41.7,28.3,39.1,19.5,30.7,15.2,26.4,26.5,26.7,27.4,26.5,13.4,26.1,0.1,0.2
2026-05-29 09:32:41,352.8,5.1,41.6,27.2,40.4,19.3,30.8,15.2,26.9,26.5,26.5,26.4,26.9,13.6,26.2,0.1,0.2
2026-05-29 09:32:42,351.7,5.0,41.9,27.4,39.0,19.1,30.7,15.1,26.4,26.4,26.8,26.6,26.4,13.4,27.0,0.1,0.2
2026-05-29 09:32:42,353.0,5.1,41.7,27.0,40.8,19.2,30.9,15.5,26.7,26.5,26.4,26.6,26.7,13.5,26.1,0.1,0.2
2026-05-29 09:32:43,352.9,5.0,41.4,27.2,38.6,21.1,30.6,15.5,26.8,27.0,26.5,26.4,26.3,13.7,26.5,0.1,0.2
2026-05-29 09:32:43,351.3,5.1,41.7,27.4,39.3,19.4,30.8,15.4,26.4,26.4,26.4,26.8,26.4,13.4,26.1,0.1,0.2
2026-05-29 09:32:44,352.6,5.1,41.5,26.8,40.2,19.3,31.0,15.6,26.7,26.6,26.4,26.4,26.8,13.5,26.1,0.1,0.2
2026-05-29 09:32:44,352.0,5.1,41.9,27.4,39.3,19.0,31.2,15.3,26.4,26.5,26.9,26.5,26.4,13.4,26.4,0.1,0.2
2026-05-29 09:32:44,354.0,5.1,41.6,27.6,40.5,19.2,30.8,15.2,27.0,26.5,26.4,26.7,27.3,13.6,26.1,0.1,0.2
2026-05-29 09:32:45,351.5,5.1,41.0,27.9,39.0,19.4,30.2,15.1,26.5,27.5,26.5,26.4,26.3,14.0,26.2,0.1,0.2
2026-05-29 09:32:45,352.1,5.4,41.9,27.6,39.5,19.2,30.7,15.1,26.4,26.4,26.8,26.7,26.4,13.4,26.1,0.1,0.2
2026-05-29 09:32:46,352.9,5.1,41.6,26.9,40.7,19.3,30.8,15.2,26.9,26.5,26.3,26.6,26.9,13.5,26.1,0.1,0.2
2026-05-29 09:32:46,352.3,5.0,41.9,27.4,39.2,19.1,30.7,15.2,26.5,26.4,26.9,26.5,26.3,13.5,27.1,0.1,0.2
2026-05-29 09:32:47,352.7,5.1,41.5,26.8,40.5,19.2,31.1,15.5,26.6,26.5,26.4,26.6,26.6,13.6,26.3,0.1,0.2
2026-05-29 09:32:47,352.5,5.0,41.7,26.9,38.3,20.9,30.6,15.4,26.9,27.0,26.5,26.5,26.4,13.8,26.4,0.1,0.2
2026-05-29 09:32:48,350.9,5.1,41.7,27.0,38.9,19.3,31.0,15.5,26.5,26.4,26.4,26.8,26.5,13.4,26.1,0.1,0.2
2026-05-29 09:32:48,354.1,5.1,41.6,27.6,40.4,19.1,30.5,15.5,26.8,26.8,26.4,26.4,26.6,14.5,26.3,0.1,0.2
2026-05-29 09:32:49,351.5,5.1,41.6,27.5,39.4,19.3,30.4,15.1,26.5,26.5,26.9,26.5,26.4,13.4,26.6,0.1,0.2
2026-05-29 09:32:49,351.8,5.1,41.3,28.2,39.3,19.5,30.2,15.4,26.6,26.4,26.5,26.9,26.4,13.4,26.1,0.1,0.2
2026-05-29 09:32:50,350.8,5.1,41.2,28.0,39.0,19.4,30.2,15.1,26.4,26.8,26.4,26.5,26.4,13.9,26.2,0.1,0.2
2026-05-29 09:32:50,351.6,5.1,41.9,27.5,39.6,19.2,30.7,15.1,26.4,26.4,26.6,26.7,26.5,13.5,26.1,0.1,0.2
2026-05-29 09:32:51,352.9,5.1,40.8,27.5,41.1,19.4,30.8,15.2,26.9,26.5,26.4,26.4,26.8,13.6,26.2,0.1,0.2
2026-05-29 09:32:51,352.1,5.0,41.8,27.3,39.3,19.1,31.3,15.2,26.4,26.4,27.0,26.5,26.4,13.4,26.6,0.1,0.2
2026-05-29 09:32:52,353.0,5.1,41.7,26.9,40.7,19.3,31.3,15.6,26.6,26.4,26.4,26.6,26.6,13.5,26.1,0.1,0.2
2026-05-29 09:32:52,353.4,5.0,41.4,27.2,38.2,20.7,31.1,15.3,27.2,27.4,26.6,26.4,26.3,13.8,26.4,0.1,0.2
2026-05-29 09:32:52,352.1,5.1,41.9,27.5,39.3,19.0,30.5,15.4,26.5,26.5,26.4,27.6,26.6,13.4,26.1,0.1,0.2
2026-05-29 09:32:53,351.4,5.1,40.9,27.9,39.4,19.0,30.1,15.1,26.6,27.4,26.5,26.4,27.0,13.5,26.2,0.1,0.2
2026-05-29 09:32:53,351.3,5.5,41.1,27.9,38.7,19.1,30.6,15.1,26.5,26.5,27.1,26.5,26.3,13.4,26.5,0.1,0.2
2026-05-29 09:32:54,353.3,5.1,41.6,27.0,40.7,19.2,30.8,15.2,26.9,26.5,26.3,26.6,27.3,13.6,26.1,0.1,0.2
2026-05-29 09:32:54,352.7,5.6,41.5,27.8,38.8,19.7,30.2,15.1,26.4,26.7,26.7,26.5,26.3,13.5,27.5,0.1,0.2
2026-05-29 09:32:55,351.1,5.0,41.7,27.0,39.6,19.2,30.4,15.6,26.5,26.4,26.4,26.8,26.5,13.4,26.4,0.1,0.2
2026-05-29 09:32:55,352.8,5.2,41.6,26.8,40.1,19.8,30.5,15.8,26.5,26.9,26.5,26.4,26.6,13.7,26.3,0.1,0.2
2026-05-29 09:32:56,349.7,5.1,41.0,27.5,38.4,19.1,31.1,15.3,26.4,26.4,26.9,26.5,26.4,13.4,26.1,0.1,0.2
2026-05-29 09:32:56,350.2,5.1,40.8,27.4,38.8,19.2,30.5,15.2,27.0,26.5,26.4,26.3,26.8,13.5,26.2,0.1,0.2
2026-05-29 09:32:57,351.6,5.1,41.6,27.6,39.3,19.4,30.4,15.1,26.3,26.8,26.6,26.5,26.4,13.4,26.6,0.1,0.2
2026-05-29 09:32:57,353.1,5.1,41.3,27.9,40.6,19.8,30.2,15.6,26.5,26.4,26.5,26.9,26.4,13.4,26.1,0.1,0.2
2026-05-29 09:32:58,353.2,5.0,41.9,27.2,39.3,20.5,30.3,15.3,26.9,27.1,26.4,26.5,26.4,13.9,26.2,0.1,0.2
2026-05-29 09:32:58,351.8,5.3,41.9,27.8,38.9,19.1,31.0,15.2,26.4,26.4,26.7,26.7,26.5,13.5,26.1,0.1,0.2
2026-05-29 09:32:59,352.3,6.1,40.9,27.6,40.2,19.2,30.2,15.1,27.0,26.5,26.4,26.4,26.8,13.5,26.2,0.1,0.2
2026-05-29 09:32:59,352.1,5.0,41.8,27.3,39.1,19.2,31.4,15.3,26.4,26.4,27.0,26.5,26.4,13.4,26.6,0.1,0.2
2026-05-29 09:33:00,352.9,5.1,41.2,27.5,40.2,19.3,31.3,15.7,26.7,26.5,26.4,26.8,26.4,13.4,26.1,0.1,0.2
2026-05-29 09:33:00,353.1,5.1,42.1,26.8,38.9,19.8,30.7,15.3,26.4,27.2,26.6,26.3,26.4,13.8,27.2,0.1,0.2
2026-05-29 09:33:01,352.4,5.0,41.9,27.7,39.3,19.1,30.5,15.3,26.5,26.6,26.4,27.7,26.6,13.4,26.2,0.1,0.2
2026-05-29 09:33:01,354.1,5.1,41.4,27.7,40.0,20.1,30.3,15.3,27.4,26.7,26.5,26.4,27.2,13.6,26.1,0.1,0.2
2026-05-29 09:33:02,353.0,5.1,41.8,28.3,38.8,19.3,30.4,15.1,26.4,26.7,26.8,26.6,26.3,13.4,27.5,0.1,0.2
2026-05-29 09:33:02,354.7,5.0,41.4,27.8,39.0,19.1,30.1,15.9,27.4,27.8,26.5,27.9,26.9,13.4,26.2,0.1,0.2
2026-05-29 09:33:02,353.5,5.5,41.4,27.9,39.3,19.1,30.1,15.0,26.6,27.4,26.5,26.4,27.2,13.9,26.6,0.1,0.2
2026-05-29 09:33:03,352.3,5.0,41.9,26.9,39.6,19.2,30.7,15.2,26.4,26.4,27.2,26.9,26.3,13.6,26.6,0.1,0.2
2026-05-29 09:33:03,353.1,5.1,41.2,27.2,40.4,19.3,30.9,15.2,26.9,26.5,26.4,26.4,27.6,13.6,26.1,0.1,0.2
2026-05-29 09:33:04,352.1,5.6,41.5,27.5,38.6,19.6,30.6,15.1,26.4,26.7,26.7,26.4,26.4,13.4,27.4,0.1,0.2
2026-05-29 09:33:04,351.1,5.2,41.0,27.9,39.1,19.3,30.4,15.8,26.5,26.4,26.4,26.9,26.5,13.4,26.1,0.1,0.2
2026-05-29 09:33:05,353.5,5.2,41.5,27.5,39.8,19.9,30.5,15.9,26.6,27.0,26.5,26.4,26.6,13.7,26.2,0.1,0.2
2026-05-29 09:33:05,351.5,5.0,41.9,27.8,39.4,19.1,30.7,15.1,26.4,26.5,26.9,26.5,26.4,13.4,26.2,0.1,0.2
2026-05-29 09:33:06,351.9,5.3,41.9,28.1,39.3,19.1,30.1,15.1,26.8,26.5,26.4,26.5,26.8,13.5,26.2,0.1,0.2
2026-05-29 09:33:06,352.0,5.1,42.3,27.3,39.4,19.5,30.4,15.1,26.4,26.4,26.8,26.5,26.4,13.4,26.6,0.1,0.2
2026-05-29 09:33:07,354.2,5.1,41.5,27.3,38.9,19.2,30.2,15.2,28.1,26.6,27.0,27.6,26.8,13.6,26.9,0.1,0.2
2026-05-29 09:33:07,353.9,5.1,41.8,26.9,40.8,19.4,30.5,15.4,26.8,27.1,26.5,26.4,26.9,13.5,26.2,0.1,0.2
2026-05-29 09:33:08,350.7,5.1,41.0,27.6,38.8,19.2,30.8,15.1,26.4,26.5,26.9,26.5,26.4,13.4,26.6,0.1,0.2
2026-05-29 09:33:08,350.7,5.3,40.9,27.8,39.1,19.3,30.3,15.4,26.5,26.4,26.4,26.4,27.0,13.5,26.1,0.1,0.2
2026-05-29 09:33:09,353.1,5.1,41.7,26.9,38.5,20.8,30.6,15.9,26.9,26.9,26.5,26.4,26.3,14.0,26.3,0.1,0.2
2026-05-29 09:33:09,352.8,5.0,41.7,27.0,39.2,19.3,30.7,15.4,26.6,26.5,26.4,27.8,26.6,14.1,26.2,0.1,0.2
2026-05-29 09:33:09,353.1,5.1,41.2,27.1,38.6,19.3,30.5,15.2,26.4,27.9,26.8,27.0,27.7,13.6,26.2,0.1,0.2
2026-05-29 09:33:10,351.6,5.1,42.0,27.4,39.3,19.0,30.7,15.2,26.4,26.5,27.0,26.6,26.4,13.4,26.5,0.1,0.2
2026-05-29 09:33:10,351.3,5.1,41.8,27.7,39.5,19.1,30.1,15.1,26.8,26.5,26.4,26.6,26.7,13.5,26.2,0.1,0.2
2026-05-29 09:33:11,352.5,6.1,41.1,28.7,38.8,19.5,30.1,15.1,26.4,26.7,26.4,26.4,26.5,13.9,26.5,0.1,0.2
2026-05-29 09:33:11,352.4,5.1,41.5,28.5,39.3,19.8,30.6,15.3,26.4,26.4,26.3,26.8,26.4,13.4,26.1,0.1,0.2
2026-05-29 09:33:12,353.9,5.1,41.6,26.9,40.5,19.8,31.2,15.4,26.7,27.2,26.5,26.4,26.8,13.5,26.1,0.1,0.2
2026-05-29 09:33:12,351.6,5.0,41.8,27.3,39.3,19.2,31.1,15.3,26.4,26.4,26.8,26.5,26.4,13.4,26.4,0.1,0.2
2026-05-29 09:33:13,352.5,5.1,41.3,27.1,40.1,19.3,31.1,15.3,27.1,26.6,26.4,26.4,26.9,13.5,26.1,0.1,0.2
2026-05-29 09:33:13,352.1,5.0,42.1,27.5,38.4,19.5,31.2,15.2,26.4,26.8,26.7,26.5,26.4,13.4,26.6,0.1,0.2
2026-05-29 09:33:14,351.0,5.2,41.2,28.5,38.9,18.9,30.1,15.5,26.4,26.4,26.5,27.0,26.5,13.4,26.1,0.1,0.2
2026-05-29 09:33:14,353.5,5.2,41.9,27.4,39.9,19.9,30.2,15.8,26.5,27.0,26.5,26.5,26.6,13.7,26.2,0.1,0.2
2026-05-29 09:33:15,351.4,5.0,41.9,27.4,39.6,19.2,30.6,15.1,26.4,26.4,26.8,26.5,26.3,13.5,26.2,0.1,0.2
2026-05-29 09:33:15,353.3,5.1,40.8,27.6,40.9,19.3,30.8,15.2,27.3,26.6,26.3,26.4,26.9,13.5,26.2,0.1,0.2
2026-05-29 09:33:16,351.3,5.0,41.9,27.6,38.7,19.6,30.5,15.1,26.4,26.4,26.8,26.5,26.3,13.4,26.6,0.1,0.2
2026-05-29 09:33:16,351.0,5.3,40.9,27.8,39.0,19.1,30.6,15.4,26.6,26.5,26.4,27.2,26.5,13.4,26.1,0.1,0.2
2026-05-29 09:33:17,353.4,5.1,41.7,26.9,38.3,20.9,30.6,15.1,27.2,27.9,26.5,26.4,26.4,13.9,26.2,0.1,0.2
2026-05-29 09:33:17,351.1,5.2,41.7,27.0,38.9,19.3,31.0,15.3,26.6,26.5,26.7,26.7,26.4,13.4,26.1,0.1,0.2
2026-05-29 09:33:17,352.0,5.2,41.3,28.0,39.2,18.9,30.2,15.1,27.0,27.2,26.6,26.4,26.9,13.5,26.1,0.1,0.2
2026-05-29 09:33:18,351.3,5.1,41.1,28.3,38.8,18.9,30.7,15.2,26.4,26.4,27.0,26.6,26.4,13.4,26.7,0.1,0.2
2026-05-29 09:33:18,353.0,5.1,41.6,27.4,40.5,19.3,30.8,15.5,26.7,26.5,26.4,26.6,26.7,13.5,26.1,0.1,0.2
2026-05-29 09:33:19,351.3,5.2,41.6,27.3,39.0,19.5,30.2,15.1,26.4,27.0,26.5,26.4,26.5,14.0,26.4,0.1,0.2
2026-05-29 09:33:19,350.0,5.1,41.3,27.5,39.0,19.1,30.6,15.2,26.4,26.4,26.6,26.7,26.4,13.4,26.1,0.1,0.2
2026-05-29 09:33:20,350.5,5.1,40.9,27.5,39.2,19.4,30.3,15.1,26.9,26.5,26.4,26.4,26.9,13.5,26.1,0.1,0.2
2026-05-29 09:33:20,351.8,5.1,42.2,27.6,38.7,19.5,30.6,15.2,26.4,26.4,26.9,26.5,26.4,13.4,26.6,0.1,0.2
2026-05-29 09:33:21,351.0,5.1,40.9,27.4,39.6,19.2,30.5,15.5,26.7,26.5,26.4,26.9,26.5,13.4,26.1,0.1,0.2
2026-05-29 09:33:21,351.0,5.1,41.0,27.5,38.7,19.8,30.6,15.2,26.4,27.1,26.5,26.4,26.3,14.0,26.2,0.1,0.2
2026-05-29 09:33:22,350.1,5.1,40.8,27.6,38.3,19.2,31.0,15.3,26.4,26.4,26.8,26.7,26.4,13.4,26.2,0.1,0.2
2026-05-29 09:33:22,353.9,5.1,41.9,27.6,40.5,19.1,30.8,15.2,27.3,26.6,26.4,26.5,26.9,13.5,26.2,0.1,0.2
2026-05-29 09:33:23,352.1,5.1,42.1,28.5,38.7,19.5,30.2,15.1,26.3,26.7,26.6,26.5,26.5,13.4,26.6,0.1,0.2
2026-05-29 09:33:23,354.4,5.1,41.6,29.0,39.4,19.8,30.2,15.6,26.5,26.4,26.4,27.3,27.1,13.5,26.2,0.1,0.2
2026-05-29 09:33:24,352.6,5.1,41.6,27.3,40.4,19.3,30.8,15.2,26.9,26.5,26.4,26.4,26.8,13.5,26.1,0.1,0.2
2026-05-29 09:33:24,353.2,6.1,41.5,28.3,38.8,19.3,30.8,15.2,26.4,26.4,27.2,26.6,26.3,13.4,26.7,0.1,0.2
2026-05-29 09:33:25,353.2,5.1,41.1,26.8,40.8,19.3,30.8,15.3,27.7,26.6,26.4,26.7,26.6,13.5,26.1,0.1,0.2
2026-05-29 09:33:25,352.2,5.7,41.4,27.6,38.7,19.8,30.4,15.2,26.5,26.9,26.5,26.3,26.4,13.4,27.0,0.1,0.2
2026-05-29 09:33:25,350.8,5.1,41.8,27.7,38.6,19.1,30.4,15.6,26.5,26.5,26.4,26.9,26.5,13.4,26.1,0.1,0.2
2026-05-29 09:33:26,351.0,5.3,40.9,27.5,38.9,19.4,30.5,15.2,26.4,27.0,26.7,26.4,26.7,13.7,26.2,0.1,0.2
2026-05-29 09:33:26,350.0,5.1,41.0,27.3,38.3,19.1,30.8,15.3,26.4,26.4,26.9,26.4,26.5,13.5,26.5,0.1,0.2
2026-05-29 09:33:27,350.9,5.1,41.3,27.7,39.2,19.0,30.1,15.0,26.8,26.6,26.4,26.4,27.1,13.6,26.2,0.1,0.2
2026-05-29 09:33:27,351.3,5.1,41.8,27.9,38.8,19.5,30.2,15.1,26.4,26.7,26.6,26.5,26.3,13.4,26.7,0.1,0.2
2026-05-29 09:33:28,353.0,5.1,41.6,28.9,39.3,19.9,30.2,15.6,26.5,26.4,26.4,27.0,26.5,13.4,26.1,0.1,0.2
2026-05-29 09:33:28,353.8,5.0,41.4,27.2,39.1,20.8,30.4,15.8,26.5,27.7,26.5,26.4,26.7,13.7,26.2,0.1,0.2
2026-05-29 09:33:29,350.2,5.1,41.7,26.9,38.7,19.0,30.6,15.3,26.4,26.4,26.9,26.5,26.4,13.4,26.5,0.2,0.2
2026-05-29 09:33:29,353.2,5.1,41.6,26.9,40.4,19.3,30.9,15.2,27.8,26.6,26.4,26.7,26.6,13.5,26.1,0.1,0.2
2026-05-29 09:33:30,350.3,5.0,41.0,27.5,38.6,19.6,30.5,15.1,26.4,26.9,26.6,26.4,26.4,13.4,26.6,0.1,0.2
2026-05-29 09:33:30,353.0,5.1,41.6,28.6,38.5,19.8,30.9,15.8,26.5,26.4,26.4,27.1,26.5,13.4,26.1,0.1,0.2
2026-05-29 09:33:31,353.5,5.2,41.4,27.2,39.8,20.1,30.6,15.9,26.9,26.6,26.5,26.3,26.7,13.7,26.2,0.1,0.2
2026-05-29 09:33:31,352.2,5.2,41.9,27.5,39.3,19.1,30.6,15.1,26.4,26.5,27.2,26.6,26.4,13.5,26.5,0.1,0.2
2026-05-29 09:33:32,353.1,5.1,41.4,27.8,40.8,19.1,30.8,15.2,26.9,26.5,26.4,26.4,26.8,13.5,26.1,0.1,0.2
2026-05-29 09:33:32,353.6,5.0,42.7,28.2,38.9,20.1,30.3,15.1,26.4,26.7,26.7,26.5,26.3,13.4,27.0,0.1,0.2
2026-05-29 09:33:33,351.4,5.5,40.9,28.0,38.8,19.2,30.1,15.7,26.5,26.4,26.4,27.6,26.5,13.4,26.1,0.1,0.2
2026-05-29 09:33:33,353.3,5.1,41.6,27.2,39.0,20.7,30.4,16.0,26.7,27.0,26.5,26.4,26.3,13.9,26.2,0.1,0.2
2026-05-29 09:33:34,352.0,5.0,41.8,27.0,39.2,19.3,30.9,15.2,26.4,26.5,26.7,27.5,26.5,13.4,26.1,0.1,0.2
2026-05-29 09:33:34,353.0,5.1,40.8,27.6,40.2,19.3,31.1,15.3,26.9,26.5,26.7,26.4,27.0,13.5,26.1,0.1,0.2
2026-05-29 09:33:34,353.3,5.0,42.1,27.6,38.3,19.1,32.0,15.4,26.4,26.4,26.9,26.6,26.4,13.4,27.4,0.1,0.2
2026-05-29 09:33:35,353.5,5.1,41.3,28.1,40.3,19.5,30.5,15.5,26.7,26.5,26.3,26.9,26.7,13.5,26.2,0.1,0.2
2026-05-29 09:33:35,351.6,5.3,41.5,28.1,39.1,19.4,30.2,15.1,26.4,26.9,26.5,26.4,26.3,13.9,26.3,0.1,0.2
2026-05-29 09:33:36,350.4,5.1,40.9,28.2,38.9,19.1,30.6,15.2,26.4,26.4,26.4,26.9,26.4,13.4,26.2,0.1,0.2
2026-05-29 09:33:36,352.2,5.1,41.5,27.3,40.0,19.3,30.2,15.0,26.9,26.5,26.3,26.4,27.2,13.9,26.2,0.1,0.2
2026-05-29 09:33:37,351.1,5.1,41.6,26.9,39.4,19.2,30.7,15.2,26.5,26.4,26.8,26.5,26.3,13.4,26.6,0.1,0.2
2026-05-29 09:33:37,350.7,5.1,40.8,27.5,39.2,19.1,30.4,15.1,27.2,26.7,26.4,26.7,26.7,13.5,26.1,0.1,0.2
2026-05-29 09:33:38,351.2,6.0,41.1,27.4,38.4,19.7,30.5,15.1,26.3,26.9,26.5,26.4,26.4,13.7,26.4,0.1,0.2
2026-05-29 09:33:38,353.1,5.2,41.7,28.6,38.4,19.9,30.9,15.5,26.5,26.4,26.4,27.3,26.5,13.4,26.1,0.1,0.2
2026-05-29 09:33:39,354.5,5.1,41.7,27.8,40.3,19.4,30.1,15.8,26.8,26.7,26.4,26.4,27.1,14.3,26.3,0.1,0.2
2026-05-29 09:33:39,352.8,5.1,41.9,27.7,39.7,19.4,30.4,15.1,26.4,26.4,27.2,26.5,26.3,13.5,26.7,0.1,0.2
2026-05-29 09:33:40,353.1,5.1,41.6,27.6,40.4,19.6,30.6,15.5,26.7,26.4,26.4,26.8,26.4,13.4,26.1,0.1,0.2
2026-05-29 09:33:40,351.8,5.2,41.8,27.3,39.3,19.3,30.2,15.2,26.4,27.0,26.5,26.4,26.6,14.1,26.3,0.1,0.2
2026-05-29 09:33:41,350.3,5.1,41.0,28.0,38.7,19.1,30.7,15.2,26.4,26.4,26.8,26.6,26.4,13.4,26.1,0.1,0.2
2026-05-29 09:33:41,351.1,5.3,40.9,27.6,39.5,19.2,30.1,15.2,27.0,26.6,26.4,26.4,27.0,13.5,26.1,0.1,0.2
2026-05-29 09:33:42,351.3,5.1,41.8,27.6,38.7,19.5,30.5,15.1,26.4,26.8,26.7,26.4,26.3,13.4,26.6,0.1,0.2
2026-05-29 09:33:42,352.8,5.1,41.5,27.8,40.0,19.5,30.8,15.6,26.4,26.6,26.5,26.7,26.5,13.4,26.1,0.1,0.2
2026-05-29 09:33:42,354.0,5.0,42.2,26.9,38.6,20.7,30.7,15.8,26.5,26.9,26.4,26.5,26.4,14.6,26.3,0.1,0.2
2026-05-29 09:33:43,351.1,5.0,41.7,27.1,39.1,19.3,31.0,15.3,26.4,26.4,26.6,26.6,26.7,13.5,26.2,0.2,0.2
2026-05-29 09:33:43,351.1,5.1,41.0,28.0,39.7,19.0,30.2,15.1,26.9,26.5,26.4,26.3,26.9,13.5,26.3,0.1,0.2
2026-05-29 09:33:44,351.9,5.1,41.9,28.3,38.8,19.0,30.7,15.2,26.4,26.4,26.8,26.5,26.3,13.4,26.7,0.1,0.2
2026-05-29 09:33:44,353.6,5.1,41.3,27.9,40.3,19.7,30.6,15.6,27.1,26.5,26.4,27.0,26.4,13.5,26.1,0.1,0.2
2026-05-29 09:33:45,353.0,5.2,41.1,27.8,39.5,20.3,30.2,15.8,26.6,26.9,26.4,26.4,26.6,13.7,26.2,0.1,0.2
2026-05-29 09:33:45,352.0,5.0,41.9,27.3,39.5,19.2,31.0,15.2,26.5,26.4,27.0,26.5,26.3,13.4,26.1,0.4,0.2
2026-05-29 09:33:46,352.4,5.1,41.6,26.9,40.4,19.3,30.8,15.2,26.9,26.6,26.4,26.4,26.8,13.5,26.1,0.1,0.2
2026-05-29 09:33:46,352.3,5.2,41.9,27.6,38.7,19.6,30.7,15.1,26.4,26.7,27.1,26.5,26.4,13.4,26.8,0.1,0.2
2026-05-29 09:33:47,350.9,5.1,41.1,27.6,39.0,19.5,30.5,15.6,26.5,26.4,26.4,26.8,26.6,13.4,26.1,0.1,0.2
2026-05-29 09:33:47,353.4,5.1,41.8,26.9,38.6,20.6,30.8,16.0,26.6,26.9,26.5,26.4,26.4,14.3,26.3,0.1,0.2
2026-05-29 09:33:48,351.0,5.0,41.7,27.0,39.0,19.3,31.1,15.3,26.4,26.3,26.7,26.6,26.4,13.4,26.2,0.1,0.2
2026-05-29 09:33:48,353.4,5.1,41.3,27.9,40.7,19.2,30.9,15.2,26.9,26.6,26.4,26.4,26.9,13.5,26.2,0.1,0.2
2026-05-29 09:33:49,353.2,5.0,42.3,27.9,39.2,19.1,30.8,15.2,26.4,26.4,27.6,26.6,26.3,13.4,26.7,0.1,0.2
2026-05-29 09:33:49,353.7,5.0,41.3,27.8,38.7,19.1,30.1,15.3,27.8,26.7,27.0,27.7,26.5,13.4,26.9,0.1,0.2
2026-05-29 09:33:49,353.0,5.0,41.8,27.2,38.7,20.9,30.3,15.1,27.1,27.3,26.5,26.4,26.3,13.9,26.2,0.1,0.2
2026-05-29 09:33:50,351.1,5.1,41.6,27.1,39.2,19.4,30.9,15.2,26.3,26.6,26.5,26.9,26.5,13.4,26.1,0.1,0.2
2026-05-29 09:33:50,353.9,5.5,41.7,26.9,40.4,19.3,31.1,15.2,26.9,26.5,26.4,26.5,27.6,13.6,26.1,0.1,0.2
2026-05-29 09:33:51,351.5,5.0,41.8,26.9,39.0,19.4,31.0,15.3,26.4,26.4,26.8,26.4,26.6,13.4,26.7,0.1,0.2
2026-05-29 09:33:51,353.9,5.1,41.5,26.8,40.4,19.4,31.2,15.4,27.8,26.5,26.4,26.7,26.6,13.5,26.3,0.1,0.2
2026-05-29 09:33:52,351.5,5.6,41.8,28.0,38.7,19.4,30.2,15.1,26.4,26.8,26.4,26.4,26.4,13.4,26.8,0.1,0.2
2026-05-29 09:33:52,353.4,5.1,41.7,28.1,38.8,19.0,30.5,15.7,27.2,26.9,26.6,26.7,27.0,13.6,26.1,0.1,0.2
2026-05-29 09:33:53,353.3,5.0,41.5,27.8,40.5,19.2,30.5,15.5,26.8,26.7,26.4,26.4,26.8,13.5,26.2,0.1,0.2
2026-05-29 09:33:53,352.0,5.0,41.8,27.0,39.6,19.2,30.7,15.2,26.5,26.4,27.3,26.6,26.3,13.4,26.5,0.1,0.2
2026-05-29 09:33:54,351.9,5.1,41.5,26.9,38.9,19.3,30.2,15.1,27.9,26.6,27.1,26.5,26.9,13.5,26.1,0.1,0.2
2026-05-29 09:33:54,352.8,5.1,41.5,27.2,38.6,19.4,30.4,15.1,26.5,26.5,27.8,26.6,27.0,13.6,27.1,0.1,0.2
2026-05-29 09:33:55,352.8,5.0,41.4,28.7,38.9,19.7,30.8,15.8,26.5,26.4,26.4,26.8,26.5,13.4,26.1,0.1,0.2
2026-05-29 09:33:55,354.1,5.2,41.3,27.3,38.8,21.1,30.7,15.9,26.5,26.9,26.5,26.5,26.7,14.2,26.3,0.1,0.2
2026-05-29 09:33:56,351.3,5.1,41.6,26.8,39.0,19.4,31.0,15.3,26.4,26.4,26.9,26.5,26.4,13.4,26.7,0.1,0.2
2026-05-29 09:33:56,350.8,5.1,41.0,28.0,39.4,19.1,30.2,15.0,26.9,26.6,26.3,26.7,26.6,13.5,26.2,0.1,0.2
2026-05-29 09:33:57,351.7,5.1,41.0,28.2,38.7,19.5,30.3,15.1,26.4,27.3,26.9,26.5,26.3,13.4,26.7,0.1,0.2
2026-05-29 09:33:57,350.9,5.4,40.9,28.0,38.9,19.1,30.4,15.5,26.6,26.4,26.4,26.9,26.5,13.4,26.1,0.1,0.2
2026-05-29 09:33:57,350.4,5.2,41.3,27.2,39.2,19.2,30.1,15.0,26.4,27.0,26.5,26.4,26.6,13.7,26.2,0.1,0.2
2026-05-29 09:33:58,350.7,5.1,41.2,27.6,38.9,19.0,30.7,15.2,26.4,26.6,27.0,26.5,26.4,13.4,26.4,0.1,0.2
2026-05-29 09:33:58,351.3,5.1,40.9,27.3,39.3,19.3,30.4,15.1,27.0,26.5,26.4,26.5,27.6,13.6,26.1,0.1,0.2
2026-05-29 09:33:59,353.3,5.1,41.9,27.6,38.4,19.7,30.5,15.1,26.4,26.7,27.5,26.7,27.2,13.5,26.7,0.1,0.2
2026-05-29 09:33:59,350.8,5.1,40.9,28.0,38.5,19.1,30.7,15.8,26.5,26.4,26.4,27.0,26.5,13.4,26.3,0.1,0.2
2026-05-29 09:34:00,354.0,5.1,41.6,26.8,39.3,20.1,31.2,15.2,27.6,26.5,26.4,26.4,27.2,14.0,26.3,0.1,0.2
2026-05-29 09:34:00,352.1,5.1,41.8,27.6,38.4,19.7,31.3,15.4,26.4,26.4,27.0,26.4,26.3,13.4,26.6,0.1,0.2
2026-05-29 09:34:01,350.5,5.1,40.9,28.4,39.0,18.9,30.2,15.6,26.4,26.5,26.4,26.8,26.5,13.4,26.1,0.1,0.2
2026-05-29 09:34:01,353.5,5.1,41.5,27.6,40.2,19.3,30.6,15.6,26.5,27.4,26.5,26.4,26.3,14.0,26.2,0.1,0.2
2026-05-29 09:34:02,351.3,5.0,41.7,27.6,39.4,19.2,30.6,15.1,26.4,26.5,26.7,26.7,26.4,13.4,26.1,0.1,0.2
2026-05-29 09:34:02,353.1,5.0,41.6,26.9,40.5,19.3,30.8,15.2,26.9,26.5,26.5,26.4,27.3,13.6,26.1,0.1,0.2
2026-05-29 09:34:03,352.4,5.0,42.0,26.9,39.5,19.2,30.7,15.2,26.4,26.4,27.6,26.7,26.3,13.4,26.7,0.1,0.2
2026-05-29 09:34:03,352.8,5.1,41.0,27.7,40.5,19.2,31.1,15.5,26.6,26.5,26.4,26.8,26.6,13.5,26.1,0.1,0.2
2026-05-29 09:34:04,352.5,5.0,41.7,26.9,38.4,20.9,30.6,15.1,27.1,27.0,26.5,26.4,26.4,13.7,26.5,0.1,0.2
2026-05-29 09:34:04,351.2,5.1,41.1,27.7,39.3,19.4,30.9,15.5,26.4,26.4,26.4,26.8,26.4,13.4,26.1,0.1,0.2
2026-05-29 09:34:05,352.3,6.0,41.0,27.9,39.2,18.9,30.3,15.1,26.6,27.5,26.5,26.3,26.9,13.5,26.1,0.1,0.2
2026-05-29 09:34:05,351.7,5.0,41.9,27.3,39.3,19.2,30.8,15.3,26.4,26.4,26.9,26.5,26.3,13.4,26.6,0.1,0.2
2026-05-29 09:34:05,353.1,5.1,41.6,27.3,40.7,19.3,30.8,15.2,27.0,26.5,26.4,26.7,26.6,13.5,26.2,0.1,0.2
2026-05-29 09:34:06,351.7,5.6,41.6,27.6,39.0,19.6,30.2,15.1,26.4,27.0,26.7,26.5,26.3,13.4,26.5,0.1,0.3
2026-05-29 09:34:06,352.8,5.1,41.8,28.7,38.8,20.0,30.6,15.3,26.5,26.4,26.4,27.0,26.5,13.4,26.1,0.1,0.2
2026-05-29 09:34:07,351.7,5.5,41.9,26.9,39.9,19.2,30.4,15.1,26.3,26.9,26.4,26.5,26.8,13.5,26.1,0.1,0.2
2026-05-29 09:34:07,352.1,5.1,41.8,26.9,39.2,19.4,31.4,15.3,26.4,26.4,26.9,26.5,26.4,13.5,26.5,0.1,0.2
2026-05-29 09:34:08,352.0,5.1,41.3,26.8,40.0,19.3,31.2,15.3,26.9,26.5,26.4,26.4,26.8,13.5,26.3,0.1,0.2
2026-05-29 09:34:08,352.5,5.1,42.0,28.1,38.7,19.3,30.4,15.1,26.4,26.9,27.1,26.5,26.4,13.4,26.7,0.1,0.2
2026-05-29 09:34:09,352.9,5.1,41.4,27.6,38.6,19.0,30.1,16.4,26.5,26.8,26.7,27.7,26.5,13.4,26.7,0.1,0.2
2026-05-29 09:34:09,351.5,5.1,40.9,28.3,39.2,19.1,30.1,15.1,26.7,26.7,26.4,26.5,27.3,13.6,26.2,0.1,0.2
2026-05-29 09:34:10,351.8,5.1,42.2,27.3,38.8,19.6,31.0,15.2,26.4,26.5,26.9,26.5,26.3,13.4,26.4,0.1,0.2
